1,13.96,44.5,1016.96,0.0
2,13.71,52.67,1016.62,0.0
3,15.04,43.58,1015.54,0.0
4,15.67,51.0,1013.83,0.0
5,15.71,49.0,1013.71,0.0
6,14.25,54.0,1015.38,0.0
7,14.5,43.96,1018.58,0.0
8,14.04,41.0,1021.54,0.0
9,12.75,29.5,1021.54,0.0
10,15.21,46.12,1020.54,0.0
11,14.38,47.46,1020.46,0.0
12,15.0,39.29,1021.62,0.0
13,17.54,44.08,1022.0,0.0
14,16.58,56.46,1021.88,0.0
15,18.17,52.67,1020.67,0.0
16,20.0,49.75,1019.12,0.0
17,18.67,58.21,1017.75,0.0
18,19.08,55.12,1016.5,0.0
19,17.17,50.83,1018.75,0.0
20,15.75,42.38,1018.17,0.0
21,15.42,32.58,1017.42,0.0
22,16.62,32.79,1015.88,0.0
23,17.96,32.62,1015.75,0.0
24,19.96,32.5,1013.17,0.0
25,20.17,37.67,1011.67,0.0
26,19.17,36.04,1012.38,0.0
27,16.42,48.12,1014.88,0.0
28,16.12,57.62,1015.0,0.0
29,16.71,48.42,1014.92,0.0
30,17.04,53.17,1015.54,0.0
31,16.62,51.0,1015.62,0.0
32,15.79,46.88,1015.67,0.0
33,16.58,37.96,1015.12,0.0
34,17.88,40.33,1014.29,0.0
35,19.33,36.54,1013.79,0.0
36,18.62,37.04,1014.0,0.0
37,18.96,33.42,1015.92,0.0
38,17.92,44.71,1017.33,0.0
39,17.0,36.67,1017.67,0.0
40,18.79,36.92,1015.42,0.0
41,18.67,37.08,1011.75,0.0
42,15.75,56.21,1014.83,0.0
43,15.67,59.08,1014.71,0.0
44,17.96,45.08,1011.42,0.0
45,19.04,48.17,1013.21,0.0
46,17.62,38.33,1014.83,0.0
47,16.75,35.92,1016.38,0.0
48,18.83,30.12,1015.75,0.0
49,19.04,31.21,1015.33,0.0
50,19.96,32.5,1013.17,0.0
51,21.25,33.67,1015.12,0.0
52,21.5,34.25,1014.79,0.0
53,21.08,28.83,1009.96,0.0
54,23.17,21.92,1008.46,0.0
55,23.17,24.54,1008.67,0.0
56,22.0,30.62,1010.29,0.0
57,22.71,30.38,1010.17,0.0
58,22.67,29.08,1012.42,0.0
59,21.29,29.38,1012.42,0.0
60,23.04,26.33,1010.79,0.0
61,24.29,25.33,1010.88,0.0
62,25.67,23.54,1009.12,0.0
63,25.42,22.08,1008.58,0.0
64,23.62,24.92,1010.17,0.0
65,22.92,23.62,1009.92,0.0
66,22.58,19.96,1010.17,0.0
67,22.5,26.17,1010.12,0.0
68,23.29,23.75,1013.33,0.0
69,23.79,24.29,1014.17,0.0
70,24.08,19.92,1015.12,0.0
71,22.92,16.46,1013.42,0.0
72,23.83,21.08,1014.04,0.0
73,24.92,18.67,1012.62,0.0
74,24.92,20.46,1010.83,0.0
75,25.17,19.67,1011.04,0.0
76,25.58,21.29,1010.83,0.0
77,25.38,22.67,1010.46,0.0
78,26.21,26.83,1008.29,0.0
79,25.58,27.25,1008.58,0.1
80,24.88,26.54,1010.21,0.0
81,25.0,24.42,1011.17,0.0
82,25.54,28.5,1011.21,0.0
83,27.0,23.46,1010.38,0.0
84,25.75,25.75,1010.62,0.0
85,24.79,28.29,1010.54,0.0
86,22.33,35.58,1010.0,0.3
87,26.29,35.33,1009.58,0.0
88,27.17,33.29,1009.29,0.0
89,27.12,31.88,1010.46,0.0
90,26.62,30.29,1009.42,0.0
91,28.42,24.79,1008.67,0.0
92,29.33,22.83,1008.25,0.0
93,30.58,19.38,1008.71,0.0
94,28.88,17.83,1009.67,0.0
95,24.62,32.21,1012.0,0.9
96,28.21,27.42,1008.04,0.0
97,28.17,18.58,1006.21,0.0
98,27.75,20.33,1005.42,0.0
99,25.33,27.75,1011.54,0.0
100,25.83,24.88,1012.04,0.0
101,27.83,22.08,1009.54,0.0
102,29.29,17.54,1008.0,0.0
103,31.08,18.92,1005.54,0.0
104,31.12,13.96,1004.71,0.0
105,30.83,16.58,1005.17,0.0
106,30.46,16.25,1005.75,0.0
107,29.79,12.92,1006.25,0.0
108,30.12,10.0,1007.46,0.0
109,32.38,11.21,1006.96,0.0
110,34.33,11.42,1002.71,0.0
111,33.21,11.38,1001.0,0.0
112,30.38,8.33,1005.67,0.0
113,29.88,6.62,1008.46,0.0
114,30.29,8.71,1008.92,0.0
115,31.25,8.29,1010.33,0.0
116,30.79,8.0,1010.08,0.0
117,32.92,8.04,1007.71,0.0
118,34.75,9.21,1006.25,0.0
119,34.83,11.46,1006.08,0.0
120,34.92,9.96,1005.21,0.0
121,34.96,10.96,1005.33,0.0
122,34.04,13.58,1005.75,0.0
123,33.29,14.0,1005.08,0.0
124,33.38,14.79,1003.62,0.0
125,33.38,15.38,1005.33,0.0
126,31.83,17.42,1008.58,0.0
127,32.42,15.88,1006.04,0.0
128,33.75,13.62,1004.42,0.0
129,34.96,13.33,1002.25,0.0
130,34.88,19.46,1000.33,0.0
131,35.25,22.29,1000.38,0.0
132,33.29,17.08,1002.33,0.0
133,33.88,13.42,1000.04,0.0
134,35.79,15.29,998.12,0.0
135,36.62,16.71,998.88,0.0
136,36.38,18.71,1001.17,0.0
137,37.12,18.33,1002.42,0.0
138,38.58,13.75,1001.88,0.0
139,38.21,13.92,1002.17,0.0
140,37.38,16.83,1000.96,0.0
141,38.67,13.46,1000.33,0.0
142,36.96,11.75,1000.5,0.0
143,35.75,11.46,999.29,0.0
144,35.25,12.88,998.12,0.0
145,34.08,15.38,997.0,0.0
146,32.79,15.29,996.25,0.0
147,35.75,21.54,998.58,0.0
148,37.96,20.25,999.12,0.0
149,36.92,21.71,999.42,0.0
150,32.83,30.33,1000.42,0.1
151,33.38,31.46,1000.25,0.0
152,34.12,27.79,1001.04,0.0
153,35.96,29.38,1000.92,0.0
154,37.25,30.29,1001.21,0.0
155,37.5,27.21,998.79,0.0
156,36.42,23.88,997.79,0.0
157,35.67,20.12,996.79,0.0
158,35.33,9.5,996.67,0.0
159,34.79,11.08,999.21,0.0
160,35.79,21.0,1001.12,0.0
161,36.04,19.08,1001.33,0.0
162,36.12,18.54,1001.21,0.0
163,36.08,20.5,1001.38,0.0
164,34.96,24.83,1002.42,0.0
165,34.17,28.29,1002.92,0.0
166,34.29,23.71,1001.21,0.0
167,34.58,19.12,1001.75,0.0
168,34.08,20.67,1002.54,0.0
169,34.08,21.71,1001.83,0.0
170,34.71,18.46,1000.88,0.0
171,36.33,15.75,1000.62,0.0
172,36.83,14.42,1000.25,0.0
173,36.88,20.54,999.75,0.0
174,36.08,28.75,999.42,0.0
175,35.75,33.92,1000.21,0.0
176,36.33,32.83,1000.62,0.0
177,37.29,30.5,998.62,0.0
178,38.58,27.62,996.67,0.0
179,37.88,29.92,996.5,0.0
180,36.04,34.88,997.08,0.0
181,35.67,37.12,998.5,0.0
182,34.62,41.17,999.12,0.0
183,34.25,40.33,998.17,0.0
184,30.04,47.12,998.83,0.0
185,33.67,40.67,997.29,0.0
186,35.62,29.54,997.42,0.0
187,37.54,18.33,996.21,0.0
188,37.92,15.21,995.79,0.0
189,36.58,29.75,995.38,0.0
190,34.17,46.88,997.21,0.2
191,32.88,55.17,998.42,3.8
192,32.42,61.5,999.12,0.2
193,32.04,63.12,998.12,0.3
194,29.71,75.17,997.33,0.9
195,30.42,67.17,997.25,0.0
196,31.88,64.5,996.79,0.5
197,30.92,68.75,997.33,1.5
198,30.12,77.12,995.04,5.0
199,30.25,71.42,997.79,0.2
200,31.17,61.0,999.83,0.0
201,31.21,61.5,998.08,1.6
202,30.42,75.21,998.58,10.1
203,30.42,74.96,998.54,0.7
204,29.08,76.67,998.12,3.6
205,28.17,82.96,998.96,6.2
206,28.71,79.83,999.0,2.5
207,29.58,76.08,997.67,3.7
208,29.0,73.38,996.33,0.9
209,29.33,67.04,997.25,0.0
210,29.92,66.08,1000.29,0.0
211,30.04,64.12,1001.88,0.0
212,29.88,64.29,1001.0,0.0
213,30.92,58.0,1000.83,0.0
214,32.33,54.0,1000.71,0.0
215,32.04,51.17,1000.42,0.0
216,31.04,54.0,999.79,0.0
217,31.79,56.29,998.83,1.8
218,32.04,54.96,998.71,0.3
219,32.12,52.67,999.58,0.0
220,31.96,51.21,999.5,0.0
221,33.54,46.04,998.17,0.0
222,33.54,44.21,999.46,0.0
223,32.88,49.46,1001.62,0.4
224,34.08,43.75,1000.71,0.0
225,32.04,53.88,1000.92,3.6
226,28.67,64.17,1002.88,0.0
227,26.25,79.21,1002.79,5.4
228,24.46,88.92,1002.75,6.6
229,27.67,75.62,1003.38,3.1
230,30.5,64.0,1004.33,1.3
231,31.08,57.92,1005.42,0.0
232,31.12,51.71,1004.62,0.0
233,31.79,50.79,1003.46,0.0
234,31.71,48.92,1002.21,0.0
235,32.17,47.12,1002.25,0.1
236,32.12,50.17,1002.88,1.1
237,29.46,67.42,1003.46,3.2
238,29.5,69.67,1003.33,0.0
239,29.08,75.5,1003.17,0.0
240,28.12,78.71,1004.38,0.0
241,27.67,83.12,1003.0,0.1
242,27.54,85.46,1003.83,8.9
243,28.88,72.54,1006.0,0.3
244,30.04,67.96,1005.62,0.0
245,29.88,71.96,1002.83,1.2
246,29.5,71.96,1001.38,0.0
247,29.67,65.58,1001.25,0.1
248,30.04,61.04,1000.88,0.0
249,30.33,52.71,1000.17,0.0
250,29.58,56.42,1001.96,0.0
251,28.79,59.71,1002.83,0.0
252,26.21,81.96,1002.42,0.3
253,24.42,90.04,1001.79,6.1
254,27.33,71.58,1003.46,0.9
255,28.0,60.58,1008.21,0.0
256,28.92,50.17,1008.38,0.0
257,28.88,35.75,1007.88,0.0
258,28.83,40.42,1005.75,0.0
259,29.25,44.71,1006.25,0.0
260,29.92,42.29,1007.92,0.0
261,31.0,43.04,1007.96,0.0
262,31.5,32.5,1007.04,0.0
263,31.42,31.5,1006.46,0.0
264,32.0,32.67,1006.04,0.0
265,32.21,26.29,1005.58,0.0
266,32.5,26.46,1005.21,0.0
267,32.12,26.62,1006.38,0.0
268,31.88,27.92,1006.25,0.0
269,31.38,33.5,1006.71,0.0
270,30.54,33.58,1006.38,0.0
271,30.0,29.83,1005.83,0.0
272,30.46,36.33,1005.25,0.0
273,30.92,39.71,1005.21,0.0
274,30.67,46.17,1006.21,0.0
275,30.25,56.79,1006.12,0.0
276,27.96,71.5,1004.46,1.4
277,26.75,76.5,1005.29,1.5
278,25.96,83.83,1005.38,4.1
279,27.33,71.75,1004.25,0.0
280,27.88,53.12,1004.54,0.0
281,27.25,34.33,1004.96,0.0
282,27.5,42.62,1006.92,0.0
283,28.12,40.08,1008.79,0.0
284,27.5,31.21,1010.58,0.0
285,27.42,34.42,1011.75,0.0
286,27.42,42.0,1012.17,0.0
287,25.83,42.83,1012.42,0.0
288,26.42,37.42,1012.33,0.0
289,27.08,38.79,1012.42,0.0
290,27.21,39.29,1010.67,0.0
291,27.54,33.5,1009.71,0.0
292,26.04,22.17,1011.29,0.0
293,25.75,22.58,1012.12,0.0
294,25.17,26.21,1013.33,0.0
295,24.79,23.79,1014.29,0.0
296,24.54,20.79,1013.54,0.0
297,23.75,17.96,1012.54,0.0
298,24.46,19.83,1012.79,0.0
299,24.83,20.62,1014.08,0.0
300,24.46,22.04,1013.71,0.0
301,24.75,24.46,1013.92,0.0
302,25.58,21.96,1016.38,0.0
303,25.79,21.46,1015.62,0.0
304,25.42,19.67,1013.62,0.0
305,25.33,18.92,1012.92,0.0
306,24.67,25.88,1014.79,0.0
307,24.17,37.17,1016.04,0.0
308,23.5,44.96,1016.71,0.0
309,22.54,44.46,1016.0,0.0
310,22.88,45.67,1013.96,0.0
311,23.83,45.17,1012.38,0.0
312,23.92,40.04,1011.46,0.0
313,24.29,30.58,1010.04,0.0
314,22.62,26.5,1009.46,0.0
315,21.33,30.33,1010.08,0.0
316,19.46,52.12,1011.25,0.8
317,19.04,81.0,1013.42,0.4
318,23.46,69.88,1011.75,0.2
319,23.21,61.92,1009.75,0.0
320,23.33,58.92,1010.17,0.0
321,22.12,57.75,1012.46,0.0
322,19.58,33.42,1015.54,0.0
323,17.83,26.38,1017.29,0.0
324,17.67,28.46,1017.88,0.0
325,17.92,27.96,1017.67,0.0
326,17.25,31.79,1017.58,0.0
327,17.83,36.25,1017.67,0.0
328,18.04,40.21,1015.79,0.0
329,19.38,35.83,1014.92,0.0
330,19.75,29.25,1014.5,0.0
331,19.67,34.08,1015.54,0.0
332,19.29,40.54,1017.25,0.0
333,18.17,40.17,1017.88,0.0
334,18.5,40.08,1017.33,0.0
335,18.58,38.5,1017.75,0.0
336,18.25,35.33,1017.67,0.0
337,17.88,34.71,1016.62,0.0
338,18.38,37.04,1015.21,0.0
339,19.17,38.21,1013.42,0.0
340,18.88,46.17,1013.29,0.0
341,18.42,50.21,1014.12,0.0
342,17.92,48.83,1015.17,0.0
343,19.08,55.88,1014.21,0.0
344,18.88,60.5,1013.79,0.0
345,19.21,57.12,1014.88,0.0
346,19.54,42.58,1014.67,0.0
347,18.67,38.12,1015.54,0.0
348,18.83,44.46,1016.04,0.0
349,18.88,49.5,1016.54,0.0
350,17.83,57.58,1017.38,0.0
351,17.25,44.17,1017.46,0.0
352,16.83,38.88,1019.29,0.0
353,15.29,35.88,1020.54,0.0
354,16.29,37.83,1020.38,0.0
355,15.71,38.75,1021.04,0.0
356,15.46,36.04,1019.12,0.0
357,16.08,42.21,1017.67,0.0
358,15.83,42.71,1017.5,0.0
359,14.54,42.54,1015.08,0.0
360,14.42,38.83,1014.12,0.0
361,15.38,46.58,1013.62,0.0
362,15.0,52.0,1014.46,0.0
363,15.83,45.54,1014.17,0.0
364,15.62,43.25,1014.79,0.0
365,13.83,38.0,1016.25,0.0
366,14.08,43.21,1017.29,0.0
367,14.54,46.46,1017.96,0.1
368,13.5,68.04,1018.67,0.5
369,13.46,65.33,1017.88,0.0
370,13.38,51.0,1014.96,0.0
371,13.33,53.38,1015.92,0.0
372,12.92,57.33,1017.08,0.0
373,12.29,60.12,1017.25,0.0
374,12.25,54.0,1017.04,0.0
375,12.83,46.29,1017.67,0.0
376,13.38,32.46,1017.83,0.0
377,15.46,40.96,1016.25,0.2
378,13.83,65.21,1018.21,0.4
379,12.67,62.08,1022.71,0.0
380,13.33,52.75,1022.67,0.0
381,14.04,45.79,1022.67,0.0
382,14.38,51.17,1021.54,0.0
383,14.08,47.29,1020.29,0.0
384,14.67,44.96,1018.92,0.0
385,15.38,46.38,1019.38,0.0
386,15.54,45.04,1018.33,0.0
387,16.71,42.12,1017.08,0.0
388,17.33,42.33,1016.54,0.0
389,17.12,44.0,1014.79,0.0
390,17.67,49.33,1016.71,0.0
391,18.04,54.0,1017.71,0.0
392,18.04,45.25,1016.67,0.0
393,18.17,37.58,1015.75,0.0
394,20.25,34.96,1016.0,0.0
395,18.58,41.88,1017.5,0.0
396,17.33,43.29,1016.29,0.0
397,17.12,43.12,1015.96,0.0
398,17.08,42.75,1016.5,0.0
399,17.54,39.08,1017.17,0.0
400,17.54,34.33,1017.08,0.0
401,17.96,33.33,1016.46,0.0
402,19.04,29.5,1016.21,0.0
403,20.08,32.54,1015.5,0.0
404,21.29,44.12,1010.12,0.9
405,19.33,38.71,1010.42,0.0
406,15.83,51.0,1015.71,0.0
407,17.46,62.71,1017.54,0.0
408,19.33,52.71,1016.29,0.0
409,19.88,54.5,1014.88,0.0
410,19.75,48.08,1013.42,0.0
411,19.58,47.75,1012.58,0.0
412,18.58,48.58,1014.46,0.0
413,17.17,40.46,1017.25,0.0
414,16.38,29.38,1016.17,0.0
415,18.21,29.29,1016.33,0.0
416,19.67,34.25,1015.83,0.0
417,20.92,32.38,1014.88,0.0
418,22.75,31.67,1012.29,0.0
419,22.21,31.21,1009.58,0.0
420,20.88,47.42,1009.79,0.0
421,21.62,45.79,1012.0,0.0
422,22.25,35.62,1013.5,0.0
423,24.38,25.71,1012.17,0.0
424,24.08,24.54,1011.58,0.0
425,24.67,21.5,1012.04,0.0
426,24.71,31.17,1011.12,0.0
427,25.21,27.38,1008.38,0.0
428,25.17,31.04,1008.08,0.0
429,23.83,34.17,1010.5,0.0
430,23.67,43.42,1011.25,0.3
431,23.04,48.5,1013.62,0.0
432,22.38,33.79,1015.46,0.0
433,22.29,32.83,1016.46,0.0
434,22.88,31.25,1016.67,0.0
435,23.54,27.54,1016.58,0.0
436,24.42,25.62,1015.96,0.0
437,24.58,24.42,1012.75,0.0
438,26.67,17.29,1009.67,0.0
439,26.54,23.79,1009.67,0.0
440,27.75,28.58,1011.21,0.0
441,28.67,28.21,1014.08,0.0
442,28.75,30.0,1015.92,0.0
443,28.54,31.25,1013.58,0.0
444,29.71,23.79,1011.0,0.0
445,30.5,12.71,1009.04,0.0
446,30.5,11.83,1005.04,0.0
447,29.79,13.38,1003.83,0.0
448,29.25,15.71,1005.17,0.0
449,29.62,18.5,1006.17,0.0
450,29.71,16.62,1006.46,0.0
451,29.08,18.38,1008.04,0.0
452,29.08,15.88,1008.71,0.0
453,30.0,12.42,1007.5,0.0
454,29.92,16.79,1005.12,0.0
455,30.42,19.04,1004.62,0.0
456,29.08,14.29,1005.71,0.0
457,29.17,16.04,1006.12,0.0
458,29.33,17.29,1007.5,0.0
459,30.71,16.42,1008.88,0.0
460,31.42,15.71,1009.46,0.0
461,30.04,14.08,1010.08,0.0
462,30.38,11.08,1011.08,0.0
463,31.5,9.92,1011.08,0.0
464,32.25,9.71,1006.92,0.0
465,31.25,10.38,1004.08,0.0
466,31.67,15.33,1003.88,0.0
467,32.62,16.46,1003.96,0.0
468,32.83,14.42,1005.67,0.0
469,32.83,12.58,1006.83,0.0
470,33.46,10.62,1007.67,0.0
471,34.88,8.71,1006.75,0.0
472,34.67,9.88,1005.5,0.0
473,34.88,14.96,1003.5,0.0
474,34.62,16.58,1001.62,0.0
475,33.21,18.29,1001.04,0.0
476,32.79,18.54,1002.71,0.0
477,31.08,16.67,1006.33,0.0
478,31.92,10.58,1007.08,0.0
479,31.88,13.17,1005.79,0.0
480,32.04,14.46,1004.79,0.0
481,34.79,14.88,1007.5,0.0
482,34.71,15.62,1007.92,0.0
483,34.17,18.46,1006.5,0.0
484,33.83,23.04,1005.5,0.3
485,34.75,17.5,1006.04,0.1
486,34.42,14.83,1007.17,0.0
487,32.38,19.96,1005.79,0.0
488,34.42,15.83,1002.92,0.0
489,35.29,14.67,1000.92,0.0
490,36.42,13.96,1000.75,0.0
491,35.33,18.12,1001.21,0.0
492,33.71,23.96,1001.92,0.0
493,32.38,28.75,1004.04,0.0
494,34.38,16.38,1002.5,0.0
495,33.79,13.79,1002.38,0.0
496,34.58,12.79,1002.42,0.0
497,34.5,10.21,1002.54,0.0
498,35.29,9.92,1001.5,0.0
499,35.79,11.88,1000.54,0.0
500,36.04,15.5,1001.04,0.0
501,35.75,14.54,1001.38,0.0
502,37.0,15.46,1001.79,0.0
503,35.88,14.12,1003.08,0.0
504,35.62,14.79,1001.96,0.0
505,35.54,12.21,1001.33,0.0
506,36.29,10.08,1001.0,0.0
507,36.71,9.12,1000.08,0.0
508,37.46,11.21,999.67,0.0
509,38.5,11.62,997.75,0.0
510,38.17,16.08,996.58,0.0
511,38.92,22.04,996.38,0.0
512,38.0,25.71,996.88,0.0
513,37.29,25.79,998.33,0.0
514,36.5,21.54,1000.54,0.0
515,34.29,17.42,1001.88,0.0
516,34.83,15.96,1002.54,0.0
517,36.75,17.71,1003.12,0.0
518,36.54,23.38,1004.88,0.0
519,33.96,37.42,1006.17,0.6
520,34.75,32.33,1004.38,0.0
521,35.38,28.04,1002.5,0.0
522,33.88,31.67,1002.33,0.0
523,31.04,42.33,1001.62,0.6
524,29.54,44.75,1004.08,0.0
525,32.38,28.21,1003.88,0.0
526,34.67,20.17,1003.21,0.0
527,35.88,18.29,1002.21,0.0
528,37.12,15.29,1000.42,0.0
529,38.5,12.75,998.54,0.0
530,38.08,14.96,998.88,0.0
531,34.75,29.25,1000.42,0.2
532,33.17,39.62,1000.92,0.0
533,35.42,28.38,1000.25,0.0
534,37.17,17.21,1000.58,0.0
535,37.42,14.25,1000.04,0.0
536,39.12,14.38,998.92,0.0
537,38.79,15.33,998.46,0.0
538,38.33,18.29,997.67,0.0
539,37.62,24.92,998.38,0.0
540,36.83,29.75,997.25,0.0
541,36.17,32.12,997.58,0.1
542,36.62,28.38,997.92,0.0
543,38.29,24.17,997.5,0.0
544,37.96,23.62,997.5,0.0
545,37.96,26.17,997.25,0.0
546,37.38,24.42,997.54,0.0
547,36.25,26.79,998.12,0.0
548,35.92,28.04,999.12,0.0
549,35.21,36.33,999.38,0.0
550,34.25,40.42,1000.58,0.2
551,32.42,53.12,1000.58,1.6
552,31.79,54.0,1001.67,0.3
553,30.54,58.83,1003.83,0.3
554,32.21,58.5,1003.83,4.2
555,33.79,51.62,1001.92,0.0
556,34.04,49.54,1000.67,0.0
557,33.71,48.83,999.33,0.0
558,32.92,47.62,999.42,0.0
559,33.92,45.42,1000.75,0.0
560,33.5,47.38,1002.08,0.0
561,32.92,43.96,1001.54,0.0
562,33.96,45.54,999.33,0.0
563,34.08,52.46,999.58,0.5
564,33.79,55.88,999.0,1.8
565,30.08,67.17,997.17,0.4
566,31.38,61.67,998.71,0.8
567,32.21,59.67,998.96,1.3
568,29.58,70.12,1000.33,2.6
569,32.21,55.88,999.12,0.0
570,31.12,60.46,997.25,0.0
571,31.04,67.46,995.29,0.0
572,29.46,76.79,996.12,0.4
573,27.75,83.71,998.75,10.4
574,28.08,76.29,1000.92,0.2
575,30.71,61.67,1000.67,0.0
576,31.54,60.5,1000.83,1.0
577,30.33,67.21,1001.38,2.0
578,28.42,77.83,1001.58,2.8
579,28.62,78.17,999.42,0.3
580,28.25,81.12,997.54,4.5
581,28.17,81.67,997.67,3.3
582,28.04,81.79,1001.62,0.1
583,29.71,74.54,1003.79,0.6
584,29.92,67.33,1002.21,0.0
585,30.17,67.79,1000.71,2.5
586,29.75,68.17,1001.04,0.8
587,30.33,68.62,1002.46,2.8
588,29.0,76.67,1003.33,2.9
589,27.46,84.33,1003.54,1.0
590,28.58,80.38,1002.75,3.8
591,27.83,82.62,1002.46,1.1
592,29.17,76.58,1003.75,2.9
593,28.17,81.67,1004.67,0.0
594,28.29,81.38,1001.96,9.8
595,28.79,78.33,1001.58,2.9
596,25.67,95.0,1004.12,40.9
597,25.21,93.92,1006.38,19.2
598,25.33,95.17,1004.08,9.4
599,26.38,85.58,1003.12,0.0
600,27.71,74.5,1001.92,0.0
601,28.12,71.83,1001.67,0.6
602,28.79,66.67,1003.21,0.5
603,29.29,69.25,1004.17,0.4
604,30.17,68.5,1003.21,0.7
605,30.5,68.67,1002.62,3.1
606,31.17,61.42,1002.04,0.0
607,30.67,67.58,1000.17,0.0
608,29.83,73.12,1000.25,0.9
609,29.33,77.04,1002.75,0.0
610,28.88,81.29,1004.0,0.0
611,28.96,78.0,1003.04,0.3
612,28.54,80.62,1001.79,0.0
613,28.62,78.92,1002.83,0.5
614,28.83,77.04,1002.04,0.0
615,28.58,78.29,1001.33,0.0
616,27.71,84.58,1002.29,2.9
617,27.62,84.42,1002.67,0.4
618,27.33,87.29,1001.29,8.0
619,26.71,86.54,1003.54,3.3
620,27.75,79.5,1004.88,1.8
621,27.33,76.54,1004.5,0.9
622,27.25,75.96,1003.42,1.7
623,27.33,73.0,1004.12,2.8
624,26.75,70.38,1004.04,0.0
625,27.17,63.62,1003.75,0.0
626,26.83,73.33,1004.0,0.0
627,24.38,82.79,1004.58,0.0
628,24.42,90.25,1004.17,3.6
629,25.75,81.33,1005.62,1.2
630,26.12,55.58,1006.71,0.0
631,25.83,54.21,1006.88,0.0
632,26.0,54.08,1007.21,0.1
633,27.08,58.21,1008.75,0.6
634,26.79,47.0,1010.25,0.0
635,27.0,38.88,1010.5,0.0
636,27.5,39.12,1009.79,0.0
637,27.71,41.54,1010.67,0.0
638,28.04,43.54,1010.17,0.0
639,28.5,43.75,1008.75,0.0
640,28.58,50.04,1009.17,0.0
641,28.92,49.33,1008.92,0.1
642,28.67,43.79,1007.83,0.4
643,28.04,47.67,1006.54,0.0
644,26.71,52.04,1007.04,0.0
645,27.46,51.29,1005.96,0.0
646,28.0,49.21,1005.33,0.0
647,28.12,33.17,1003.58,0.0
648,27.38,25.54,1004.33,0.0
649,27.21,33.17,1007.88,0.0
650,28.12,39.17,1010.12,0.0
651,28.54,34.04,1009.5,0.0
652,28.04,32.83,1007.42,0.0
653,28.38,33.92,1007.17,0.0
654,28.0,39.0,1006.88,0.0
655,27.67,60.5,1007.58,0.0
656,27.42,68.5,1008.79,0.0
657,28.12,61.96,1008.83,0.3
658,28.08,58.83,1008.21,0.0
659,28.21,48.79,1005.33,0.0
660,27.83,35.62,1003.17,0.0
661,26.25,31.33,1006.29,0.0
662,25.21,35.33,1009.0,0.0
663,25.0,24.0,1010.79,0.0
664,25.17,29.54,1012.08,0.0
665,25.17,33.62,1013.33,0.0
666,25.33,26.04,1013.33,0.0
667,24.5,26.46,1013.88,0.0
668,24.92,28.42,1015.62,0.0
669,23.83,31.29,1015.75,0.0
670,23.12,28.5,1013.33,0.0
671,22.71,31.67,1013.75,0.0
672,22.58,32.71,1015.33,0.0
673,22.75,31.54,1014.33,0.0
674,22.83,31.79,1013.58,0.0
675,22.58,33.71,1012.75,0.0
676,22.21,36.71,1013.62,0.0
677,22.38,44.21,1014.71,0.0
678,24.46,52.92,1016.42,0.0
679,26.25,49.21,1014.38,0.0
680,25.12,45.25,1012.33,0.0
681,24.79,58.0,1008.71,1.3
682,25.17,61.21,1009.88,0.6
683,24.17,69.04,1013.83,4.3
684,24.79,65.38,1014.79,1.6
685,23.75,72.62,1013.38,3.2
686,21.79,84.04,1014.12,4.0
687,22.17,68.88,1014.38,0.0
688,20.75,43.17,1013.67,0.0
689,19.17,31.75,1012.12,0.0
690,19.79,33.0,1010.75,0.0
691,19.46,49.67,1012.12,0.9
692,17.96,69.25,1013.67,0.1
693,18.04,81.42,1013.83,2.0
694,20.12,78.29,1014.25,0.0
695,20.12,51.46,1013.29,0.0
696,19.08,39.29,1013.0,0.0
697,18.21,40.75,1015.04,0.0
698,17.79,38.04,1016.25,0.0
699,16.79,30.83,1014.38,0.0
700,16.33,35.38,1014.0,0.0
701,15.96,41.5,1015.38,0.0
702,15.67,42.79,1016.17,0.0
703,15.12,44.54,1014.92,0.0
704,15.04,53.58,1013.96,0.0
705,15.67,56.46,1015.12,0.0
706,15.71,58.33,1014.88,0.0
707,15.5,57.5,1012.75,0.0
708,15.79,46.17,1011.92,0.0
709,14.17,27.67,1011.62,0.0
710,13.67,28.88,1010.62,0.0
711,14.75,35.5,1009.08,0.0
712,14.71,41.29,1012.0,0.0
713,14.71,42.17,1014.83,0.0
714,14.92,40.46,1014.79,0.0
715,15.54,39.83,1014.42,0.0
716,15.71,44.0,1014.62,0.0
717,16.0,38.96,1015.58,0.0
718,14.33,28.08,1018.92,0.0
719,14.62,24.83,1018.5,0.0
720,14.54,24.96,1014.79,0.0
721,14.71,30.75,1010.33,0.0
722,14.5,34.08,1011.46,0.0
723,14.58,36.58,1013.92,0.0
724,13.75,44.04,1014.25,0.0
725,13.79,51.75,1014.88,0.0
726,14.88,52.67,1015.54,0.0
727,17.5,50.12,1015.38,0.0
728,15.75,62.42,1014.62,0.0
729,16.25,69.17,1012.25,0.2
730,13.71,56.04,1014.21,0.4
731,12.21,48.04,1015.21,0.0
732,11.29,52.12,1015.42,0.0
733,10.12,60.08,1018.04,0.0
734,10.17,63.46,1017.67,0.0
735,10.79,50.71,1016.58,0.0
736,10.96,46.08,1017.62,0.0
737,11.54,47.17,1015.83,0.0
738,12.17,46.33,1014.58,0.0
739,11.12,45.29,1016.38,0.0
740,11.33,45.88,1016.5,0.0
741,12.58,40.5,1014.12,0.0
742,14.08,38.71,1012.58,0.0
743,15.83,40.67,1011.92,0.0
744,17.46,41.17,1011.33,0.0
745,13.42,25.5,1015.71,0.0
746,10.96,29.17,1016.75,0.0
747,12.33,29.04,1013.25,0.0
748,13.88,32.08,1013.17,0.0
749,12.62,41.12,1014.21,0.0
750,13.29,36.21,1015.5,0.0
751,14.92,34.54,1015.88,0.0
752,16.54,40.0,1015.79,0.0
753,16.71,43.79,1017.54,0.0
754,15.88,38.88,1017.79,0.0
755,15.17,36.04,1017.21,0.0
756,14.75,41.08,1020.0,0.0
757,13.58,37.58,1019.96,0.0
758,13.38,37.75,1017.08,0.0
759,14.5,37.75,1014.67,0.0
760,15.88,46.04,1016.58,0.0
761,15.58,47.46,1018.62,0.0
762,15.88,40.5,1017.54,0.0
763,17.04,39.58,1016.92,0.0
764,18.54,43.38,1016.0,0.0
765,19.38,37.54,1014.54,0.0
766,20.5,30.5,1012.25,0.0
767,20.25,31.17,1010.58,0.0
768,20.04,48.62,1009.29,0.0
769,17.46,45.33,1011.75,0.0
770,17.17,39.83,1011.88,0.0
771,17.67,33.88,1013.62,0.0
772,18.71,36.88,1014.67,0.0
773,20.12,36.08,1011.42,0.0
774,21.29,31.46,1009.12,0.0
775,18.92,56.79,1008.92,1.0
776,18.25,70.46,1009.33,8.6
777,16.38,70.71,1012.58,1.1
778,16.17,53.25,1015.58,0.0
779,16.62,44.17,1014.75,0.0
780,17.62,44.58,1015.75,0.0
781,18.12,45.88,1016.17,0.0
782,16.58,56.54,1018.17,0.0
783,17.46,50.88,1016.33,0.0
784,19.08,44.92,1014.79,0.0
785,19.38,47.5,1013.33,0.0
786,19.17,47.96,1012.08,0.0
787,18.79,45.12,1013.5,0.0
788,21.38,29.58,1014.0,0.0
789,18.42,35.33,1017.17,0.0
790,18.12,42.88,1015.33,0.0
791,20.54,44.12,1013.0,0.0
792,23.0,28.17,1012.08,0.0
793,23.17,27.54,1011.29,0.0
794,23.0,27.12,1012.25,0.0
795,22.62,29.12,1012.92,0.0
796,22.5,30.29,1015.88,0.0
797,23.21,33.79,1012.88,0.0
798,21.75,33.04,1012.54,0.0
799,20.54,32.17,1014.58,0.0
800,20.29,33.54,1014.62,0.0
801,22.17,24.71,1013.12,0.0
802,23.79,19.17,1011.79,0.0
803,24.75,22.38,1010.96,0.0
804,25.92,28.58,1012.08,0.0
805,26.38,28.08,1010.0,0.0
806,27.38,25.17,1007.5,0.0
807,28.5,17.38,1005.08,0.0
808,27.54,16.75,1003.42,0.0
809,26.75,13.33,1005.21,0.0
810,25.12,15.67,1008.67,0.0
811,25.38,18.25,1008.75,0.0
812,26.29,19.04,1009.17,0.0
813,26.08,22.79,1009.71,0.0
814,25.75,23.5,1010.88,0.0
815,27.0,16.67,1010.5,0.0
816,28.5,13.0,1009.0,0.0
817,29.38,12.96,1006.79,0.0
818,28.42,17.67,1007.38,0.0
819,27.12,20.92,1009.88,0.0
820,27.04,18.46,1009.42,0.0
821,27.33,17.58,1008.46,0.0
822,27.04,15.58,1008.88,0.0
823,26.42,17.92,1010.17,0.0
824,25.62,15.46,1012.04,0.0
825,25.62,12.17,1011.54,0.0
826,27.79,9.46,1009.96,0.0
827,27.71,16.12,1010.54,0.0
828,28.5,21.79,1010.96,0.0
829,29.25,20.71,1011.25,0.2
830,29.75,20.62,1011.38,0.0
831,30.54,20.17,1009.21,0.0
832,29.88,26.54,1009.0,0.9
833,28.67,33.17,1009.67,1.4
834,29.25,21.04,1008.25,0.0
835,29.83,20.88,1006.83,0.0
836,31.75,21.33,1007.88,0.0
837,30.58,28.71,1007.33,1.3
838,28.29,29.42,1008.25,0.0
839,28.75,19.58,1008.12,0.0
840,29.21,17.21,1008.96,0.0
841,30.08,15.71,1008.62,0.0
842,30.12,14.46,1007.75,0.0
843,30.71,15.21,1006.33,0.0
844,31.67,13.54,1005.58,0.0
845,33.25,11.46,1004.58,0.0
846,33.79,11.12,1005.54,0.0
847,32.42,15.17,1004.67,0.0
848,33.58,14.08,1003.08,0.0
849,33.67,14.96,1003.88,0.0
850,33.21,18.12,1005.5,0.0
851,33.25,17.33,1005.42,0.0
852,33.21,21.04,1003.25,0.0
853,33.62,23.29,1002.54,0.0
854,33.38,24.54,1003.71,0.0
855,33.42,23.25,1003.92,0.0
856,33.42,20.83,1003.92,0.0
857,32.21,23.88,1004.38,0.0
858,33.83,15.79,1002.0,0.0
859,35.42,14.25,1001.58,0.0
860,35.79,16.46,1001.96,0.0
861,36.21,21.33,1001.79,0.0
862,37.04,20.79,1001.5,0.0
863,36.46,21.71,1003.08,0.0
864,36.21,17.42,1003.33,0.5
865,36.71,11.5,1004.42,0.0
866,37.58,10.83,1006.33,0.0
867,38.29,13.33,1005.92,0.0
868,38.25,16.5,1003.83,0.1
869,37.42,17.96,1000.79,0.0
870,37.04,24.88,997.83,0.0
871,36.21,28.04,997.96,0.0
872,32.29,42.12,1002.0,1.2
873,34.96,33.42,1003.54,0.0
874,37.08,30.92,1002.29,0.2
875,36.42,24.12,1002.71,0.0
876,36.25,24.54,1003.83,0.0
877,36.67,22.96,1004.21,0.0
878,36.29,20.5,1003.29,0.0
879,37.0,19.88,1000.71,0.0
880,36.25,21.0,1000.83,0.0
881,37.12,24.75,997.92,0.0
882,36.42,24.71,998.88,0.0
883,35.08,28.17,1003.42,1.5
884,36.17,20.71,1003.88,0.0
885,37.04,15.04,1001.25,0.0
886,39.38,13.5,999.5,0.0
887,40.58,11.88,999.54,0.0
888,41.42,10.79,997.42,0.0
889,40.79,11.62,995.71,0.0
890,38.83,20.58,995.96,0.0
891,37.29,26.38,996.83,0.3
892,39.21,23.0,996.33,0.0
893,39.62,21.42,997.58,0.0
894,38.25,26.5,999.29,0.8
895,37.96,30.0,998.0,3.5
896,35.54,38.92,997.88,1.5
897,34.62,38.96,997.21,0.0
898,34.88,39.12,996.08,0.0
899,35.79,35.5,996.42,0.0
900,36.04,35.54,995.38,1.3
901,34.62,43.92,996.71,0.0
902,34.38,44.17,997.71,0.0
903,32.67,54.54,996.79,2.2
904,29.71,71.71,995.88,31.0
905,31.71,61.21,995.5,12.7
906,32.54,55.88,995.62,1.2
907,30.92,61.62,996.71,4.8
908,34.38,45.42,998.75,2.2
909,29.12,73.29,996.08,0.3
910,31.12,61.83,996.96,8.6
911,31.38,56.83,998.29,2.9
912,31.83,54.0,999.21,0.0
913,32.12,51.25,999.5,2.0
914,33.33,44.62,1000.21,0.1
915,33.29,44.58,1001.96,0.1
916,32.92,47.29,1001.92,2.4
917,32.38,56.75,1000.79,7.0
918,31.25,59.83,1000.79,1.2
919,31.58,58.21,1002.25,9.7
920,31.79,54.38,1001.0,3.9
921,31.25,57.83,999.96,5.1
922,32.08,54.96,999.21,5.0
923,33.79,46.46,997.75,0.4
924,34.12,44.79,997.29,0.9
925,33.04,48.0,997.17,0.0
926,31.33,61.54,997.38,1.3
927,31.25,61.58,997.04,0.0
928,31.5,60.04,996.17,0.3
929,32.75,50.67,995.46,0.0
930,31.96,58.08,994.83,0.5
931,31.83,54.33,994.83,0.0
932,30.88,54.71,997.08,0.0
933,30.21,58.54,997.38,0.2
934,29.92,67.5,997.04,8.4
935,29.75,67.12,999.46,4.7
936,30.29,65.88,1002.17,0.5
937,31.83,55.71,1004.21,0.3
938,31.62,53.62,1002.25,1.1
939,29.12,71.58,1001.08,13.7
940,30.75,66.71,1000.88,0.3
941,30.12,67.96,999.79,2.8
942,31.0,63.17,998.79,0.0
943,30.29,69.62,998.79,0.4
944,30.25,66.83,998.92,0.2
945,31.5,62.75,998.54,1.2
946,30.71,66.29,998.17,2.8
947,29.25,77.38,997.33,5.2
948,29.21,73.25,997.67,5.6
949,27.96,79.96,996.71,6.1
950,28.38,83.92,996.62,46.2
951,27.79,83.71,996.29,9.9
952,27.75,80.79,996.92,10.9
953,27.33,80.08,998.04,1.9
954,27.79,74.88,997.46,9.0
955,27.62,83.96,997.08,10.2
956,27.67,82.29,999.33,21.4
957,26.58,87.33,999.71,4.6
958,26.62,85.38,1000.25,1.1
959,28.42,73.04,1001.33,0.0
960,29.62,66.96,1002.21,0.0
961,29.38,67.75,1002.88,1.8
962,27.67,79.29,1004.08,14.5
963,29.67,69.25,1003.96,1.0
964,30.83,64.62,1004.08,3.3
965,30.42,69.25,1003.54,4.8
966,27.5,82.79,1002.96,5.5
967,28.54,76.5,1003.54,0.3
968,29.62,71.88,1003.08,0.1
969,30.29,66.08,1002.25,0.4
970,30.17,64.67,1001.92,0.0
971,29.67,66.5,1002.58,0.3
972,30.17,68.62,1002.42,1.6
973,30.17,68.88,1001.42,0.7
974,29.75,70.58,1000.5,4.1
975,29.21,68.46,1000.5,0.0
976,27.54,78.25,999.54,2.5
977,26.38,88.58,1000.08,6.9
978,26.92,83.42,1001.96,0.3
979,27.88,81.17,1000.21,0.0
980,27.17,78.46,999.83,0.0
981,27.58,77.29,1000.33,0.8
982,28.79,71.58,1003.0,0.4
983,28.04,80.75,1003.67,4.5
984,28.25,78.04,1001.42,2.8
985,27.25,81.54,1001.46,3.8
986,28.04,74.88,1003.04,0.0
987,28.71,71.88,1002.62,1.2
988,28.25,73.58,1002.46,8.3
989,28.46,72.92,1002.58,2.5
990,27.96,73.21,1002.71,14.2
991,27.04,76.42,1003.92,4.7
992,27.5,70.25,1006.54,3.6
993,27.83,64.25,1006.96,1.4
994,27.58,61.58,1005.58,0.2
995,27.83,55.67,1005.88,0.0
996,27.92,50.21,1005.38,0.0
997,28.04,49.88,1005.79,0.0
998,28.0,54.71,1007.88,0.0
999,27.67,57.08,1008.58,0.0
1000,27.17,59.38,1008.17,0.0
1001,27.42,59.67,1007.71,0.0
1002,27.88,55.58,1008.08,0.0
1003,27.54,47.58,1008.96,0.0
1004,27.29,45.08,1008.12,0.0
1005,26.88,47.29,1007.42,0.0
1006,27.25,50.21,1007.21,0.0
1007,27.04,45.17,1008.0,0.0
1008,27.58,42.79,1010.75,0.0
1009,28.67,38.17,1011.83,0.0
1010,28.58,30.88,1011.17,0.0
1011,28.71,30.25,1011.29,0.0
1012,28.42,33.21,1012.17,0.0
1013,28.54,32.5,1012.71,0.0
1014,28.62,31.75,1013.17,0.0
1015,28.33,32.54,1012.21,0.0
1016,28.29,29.54,1010.67,0.0
1017,29.33,26.96,1009.96,0.0
1018,28.29,21.88,1009.25,0.0
1019,27.92,23.17,1009.46,0.0
1020,27.5,27.79,1010.88,0.0
1021,27.0,25.08,1011.79,0.0
1022,26.54,24.83,1009.29,0.0
1023,26.21,23.38,1008.62,0.0
1024,26.67,23.33,1009.92,0.0
1025,26.17,26.67,1011.71,0.0
1026,26.92,24.83,1012.38,0.0
1027,26.92,25.58,1012.25,0.0
1028,26.42,28.75,1012.46,0.0
1029,25.67,28.75,1014.21,0.0
1030,24.83,26.46,1014.12,0.0
1031,23.75,25.12,1013.92,0.0
1032,24.08,23.29,1013.12,0.0
1033,23.79,26.25,1011.46,0.0
1034,23.67,25.04,1012.12,0.0
1035,24.0,25.5,1012.54,0.0
1036,24.79,23.42,1011.67,0.0
1037,25.58,23.12,1011.54,0.0
1038,25.33,23.29,1012.25,0.0
1039,25.0,27.96,1013.38,0.0
1040,24.83,30.75,1012.46,0.0
1041,24.62,31.38,1013.0,0.0
1042,24.67,29.12,1013.5,0.0
1043,24.71,32.04,1013.38,0.0
1044,25.12,31.54,1012.83,0.0
1045,25.33,33.79,1012.71,0.0
1046,24.38,33.5,1012.71,0.0
1047,23.71,30.38,1014.25,0.0
1048,22.92,27.88,1015.08,0.0
1049,22.75,25.75,1015.46,0.0
1050,23.92,29.33,1013.96,0.0
1051,23.29,30.46,1014.08,0.0
1052,23.42,27.46,1013.67,0.0
1053,23.58,35.92,1014.12,0.0
1054,23.42,33.42,1016.25,0.0
1055,22.71,38.12,1017.21,0.0
1056,21.92,41.42,1016.29,0.0
1057,21.33,46.46,1016.79,0.0
1058,21.04,48.54,1017.08,0.0
1059,20.29,49.29,1015.96,0.0
1060,20.29,47.38,1014.5,0.0
1061,20.12,47.92,1014.42,0.0
1062,19.92,42.75,1013.79,0.0
1063,19.54,33.04,1013.58,0.0
1064,19.29,30.71,1013.08,0.0
1065,19.08,28.12,1013.83,0.0
1066,19.71,34.96,1013.62,0.0
1067,21.38,38.62,1010.42,0.0
1068,21.5,38.12,1010.71,0.0
1069,20.96,42.92,1011.79,0.0
1070,21.5,47.88,1012.46,0.0
1071,20.96,51.21,1013.75,0.0
1072,21.79,46.88,1012.96,0.0
1073,18.96,34.92,1014.83,0.0
1074,16.96,26.42,1015.33,0.0
1075,15.75,29.67,1015.25,0.0
1076,15.46,34.96,1017.0,0.0
1077,15.0,37.0,1017.42,0.0
1078,15.46,29.88,1017.33,0.0
1079,15.04,25.92,1017.46,0.0
1080,14.33,27.75,1017.58,0.0
1081,14.29,30.0,1017.12,0.0
1082,14.58,33.29,1017.33,0.0
1083,14.5,36.12,1016.5,0.0
1084,15.25,36.79,1015.75,0.0
1085,15.75,46.12,1017.04,0.0
1086,14.75,46.92,1017.71,0.0
1087,13.67,42.5,1016.67,0.0
1088,13.33,30.46,1015.71,0.0
1089,13.38,29.25,1015.54,0.0
1090,12.96,32.04,1015.33,0.0
1091,13.42,38.88,1015.83,0.0
1092,13.46,50.42,1017.75,0.0
1093,13.62,55.33,1018.38,0.0
1094,14.0,57.38,1018.46,0.0
1095,16.04,57.58,1018.21,0.1
1096,15.67,69.42,1016.0,0.4
1097,14.29,59.42,1016.92,0.0
1098,13.96,61.21,1015.62,0.0
1099,14.79,52.25,1014.62,0.0
1100,15.5,58.08,1015.08,0.0
1101,16.0,56.79,1014.92,0.3
1102,14.33,41.21,1016.92,0.0
1103,13.79,55.75,1019.62,0.0
1104,14.0,41.62,1017.67,0.0
1105,11.29,42.71,1020.75,0.0
1106,11.0,43.42,1020.54,0.0
1107,12.04,42.83,1019.79,0.0
1108,12.46,43.75,1018.71,0.0
1109,14.0,40.71,1015.46,0.0
1110,16.25,40.17,1011.46,0.0
1111,15.83,45.88,1009.71,0.0
1112,12.54,51.54,1012.0,0.0
1113,11.71,52.62,1011.79,0.0
1114,11.21,50.96,1014.08,0.0
1115,10.92,44.29,1017.54,0.0
1116,11.04,38.33,1017.83,0.0
1117,12.33,39.71,1016.42,0.0
1118,13.33,42.79,1016.88,0.0
1119,13.83,41.0,1016.12,0.0
1120,14.42,40.12,1016.04,0.0
1121,14.83,45.71,1016.75,0.0
1122,14.08,47.38,1016.0,0.0
1123,14.17,42.54,1015.83,0.0
1124,13.21,44.46,1018.12,0.0
1125,12.54,44.75,1018.38,0.0
1126,13.58,37.0,1019.46,0.0
1127,14.04,37.75,1020.0,0.0
1128,14.79,37.38,1018.71,0.0
1129,15.92,35.42,1016.83,0.0
1130,17.79,33.88,1012.46,0.0
1131,16.38,41.21,1016.0,0.0
1132,15.5,43.92,1016.71,0.0
1133,14.88,49.08,1014.46,0.2
1134,11.75,32.12,1016.17,0.1
1135,11.29,22.17,1018.5,0.0
1136,12.96,29.33,1016.88,0.0
1137,15.25,31.75,1015.29,0.0
1138,16.75,37.21,1012.58,0.0
1139,17.08,40.25,1012.04,0.0
1140,17.12,43.29,1015.17,0.0
1141,16.12,50.62,1014.62,0.0
1142,15.33,37.83,1015.79,0.0
1143,15.25,33.29,1017.67,0.0
1144,16.54,28.58,1017.08,0.0
1145,17.67,31.5,1015.42,0.0
1146,20.0,30.67,1011.62,0.0
1147,21.79,30.92,1008.96,0.0
1148,22.08,37.0,1010.33,0.0
1149,20.5,32.21,1011.42,0.0
1150,18.0,31.62,1012.88,0.0
1151,17.75,33.88,1013.42,0.0
1152,17.96,24.54,1012.92,0.0
1153,19.46,23.5,1010.79,0.0
1154,20.21,19.21,1007.42,0.0
1155,18.75,24.88,1007.5,0.0
1156,20.21,23.88,1007.58,0.0
1157,21.04,26.46,1007.42,0.0
1158,22.33,30.88,1007.58,0.0
1159,25.29,31.62,1007.25,0.0
1160,25.54,27.71,1006.54,0.0
1161,23.0,26.21,1006.71,0.0
1162,21.54,20.83,1006.58,0.0
1163,18.38,8.29,1007.83,0.0
1164,17.5,18.62,1010.67,0.0
1165,19.0,19.67,1012.71,0.0
1166,20.17,20.54,1012.83,0.0
1167,21.42,25.58,1011.92,0.0
1168,20.38,25.04,1014.88,0.0
1169,20.79,26.5,1016.17,0.0
1170,22.71,24.12,1013.67,0.0
1171,24.83,23.62,1011.58,0.0
1172,26.5,22.04,1009.42,0.0
1173,27.29,24.79,1010.04,0.0
1174,29.08,20.83,1009.33,0.0
1175,26.38,13.33,1010.33,0.0
1176,21.38,14.5,1013.46,0.0
1177,22.04,16.25,1013.79,0.0
1178,24.83,14.62,1013.83,0.0
1179,26.25,14.62,1013.71,0.0
1180,26.88,17.0,1011.83,0.0
1181,28.42,15.29,1011.0,0.0
1182,28.08,18.71,1012.0,0.0
1183,28.08,21.29,1014.33,0.0
1184,28.0,24.17,1013.17,0.0
1185,29.21,21.25,1009.46,0.0
1186,30.21,18.88,1010.21,0.0
1187,31.25,17.38,1009.5,0.0
1188,32.08,15.92,1009.96,0.0
1189,32.29,15.42,1010.46,0.0
1190,31.29,23.71,1009.71,1.0
1191,31.58,20.96,1007.58,1.2
1192,32.25,13.62,1005.67,0.0
1193,31.88,10.79,1005.71,0.0
1194,31.79,15.46,1006.71,0.0
1195,32.5,13.08,1006.17,0.0
1196,32.42,13.62,1005.17,0.0
1197,31.54,19.17,1005.33,0.0
1198,30.29,25.58,1004.79,0.0
1199,30.5,20.42,1005.71,0.6
1200,28.62,31.67,1009.67,1.7
1201,28.12,31.42,1009.88,1.4
1202,30.38,22.17,1007.42,0.0
1203,30.83,23.96,1005.46,0.0
1204,31.5,22.67,1005.58,0.0
1205,32.29,22.67,1007.17,0.0
1206,30.12,30.75,1010.54,0.9
1207,29.62,30.08,1009.96,0.0
1208,30.21,23.29,1006.08,0.0
1209,29.92,19.33,1005.83,0.0
1210,30.92,20.54,1005.79,0.0
1211,30.96,21.71,1007.38,0.0
1212,30.92,24.29,1007.88,0.0
1213,30.62,24.46,1006.96,0.0
1214,31.5,17.46,1003.79,0.0
1215,31.5,11.17,1003.0,0.0
1216,31.54,10.62,1003.04,0.0
1217,31.12,10.88,1005.0,0.0
1218,31.96,11.79,1006.12,0.0
1219,33.08,11.92,1004.38,0.0
1220,33.79,12.58,1002.46,0.0
1221,34.62,11.71,1003.67,0.0
1222,35.21,13.29,1004.46,0.2
1223,35.25,19.67,1004.54,1.3
1224,34.67,25.38,1005.67,1.8
1225,36.0,20.08,1006.04,0.0
1226,36.54,18.38,1006.88,0.5
1227,34.75,24.25,1004.92,0.9
1228,34.29,25.12,1003.5,0.0
1229,33.96,25.0,1004.21,0.3
1230,34.21,17.79,1004.5,0.0
1231,35.0,15.29,1004.88,0.0
1232,36.5,16.12,1001.88,0.0
1233,35.75,20.04,1002.0,0.0
1234,35.62,20.42,1004.04,0.0
1235,36.29,14.58,1005.17,0.0
1236,36.29,14.88,1004.04,0.0
1237,36.54,13.33,1003.12,0.0
1238,36.79,12.25,1002.88,0.0
1239,37.08,9.67,1002.58,0.0
1240,37.46,9.33,1000.92,0.0
1241,38.12,13.88,999.96,0.0
1242,37.17,11.88,1001.88,0.0
1243,36.83,11.38,1001.88,0.0
1244,37.5,10.21,1001.75,0.0
1245,38.29,11.38,1002.25,0.0
1246,38.75,14.08,999.96,0.0
1247,39.46,15.17,997.88,0.0
1248,39.08,19.58,998.5,0.0
1249,38.08,24.25,998.58,0.0
1250,36.71,26.71,997.46,0.3
1251,36.46,27.92,997.83,0.0
1252,36.46,27.58,997.96,0.0
1253,36.33,22.29,998.25,0.0
1254,34.58,26.67,1000.29,0.0
1255,35.42,25.62,1001.38,0.0
1256,36.38,22.12,1000.62,0.0
1257,36.46,22.04,999.17,0.0
1258,36.75,26.5,998.88,0.0
1259,36.71,26.25,999.54,0.0
1260,36.96,28.38,1000.25,0.0
1261,37.42,24.58,1000.92,0.0
1262,37.79,27.54,999.21,0.0
1263,37.96,27.92,996.5,0.0
1264,37.21,32.75,995.79,1.2
1265,37.33,25.38,996.46,0.1
1266,36.79,28.62,996.75,0.0
1267,36.67,32.83,995.96,0.0
1268,36.29,34.75,996.79,0.0
1269,36.88,33.08,997.92,0.0
1270,36.38,34.29,997.12,0.0
1271,36.67,33.75,995.75,0.0
1272,36.62,32.25,997.46,0.0
1273,35.29,36.58,998.17,0.0
1274,34.75,39.67,999.08,0.0
1275,36.04,32.29,999.71,0.0
1276,37.0,28.88,999.0,0.0
1277,37.79,22.67,997.67,0.0
1278,37.42,22.75,996.5,0.0
1279,39.0,17.67,995.58,0.0
1280,39.79,23.88,993.0,0.0
1281,38.92,30.71,992.54,0.0
1282,38.12,33.04,994.38,0.0
1283,34.71,45.21,995.5,0.0
1284,34.42,45.29,995.33,0.0
1285,34.62,47.38,996.42,0.8
1286,32.79,50.92,998.04,0.0
1287,33.38,50.79,998.38,3.2
1288,31.04,62.88,998.46,8.1
1289,31.29,63.12,999.79,4.5
1290,31.42,61.83,999.88,7.2
1291,32.0,55.33,999.58,0.0
1292,31.62,54.21,1000.0,0.0
1293,32.5,50.25,1002.08,0.4
1294,33.88,46.29,1001.46,0.0
1295,35.29,44.08,998.58,0.0
1296,34.62,45.25,996.79,0.0
1297,34.25,46.33,998.25,0.0
1298,34.17,46.58,1000.42,1.7
1299,34.0,47.29,998.54,0.3
1300,35.21,42.08,995.46,0.3
1301,33.79,46.25,995.79,0.0
1302,33.46,49.71,997.83,0.0
1303,31.88,56.79,998.04,1.6
1304,29.33,66.79,998.0,1.3
1305,32.0,56.46,997.58,3.4
1306,31.38,60.0,998.83,3.0
1307,31.5,55.83,999.29,1.9
1308,27.62,69.17,999.67,1.0
1309,27.83,71.21,1001.04,1.1
1310,30.0,63.71,999.79,0.3
1311,30.08,59.54,997.29,0.0
1312,31.0,56.08,998.33,0.0
1313,32.21,51.75,999.88,0.0
1314,30.38,59.54,1000.71,0.0
1315,28.96,63.79,1000.5,0.3
1316,29.67,68.58,1000.5,7.8
1317,28.58,69.42,1000.38,0.0
1318,27.88,73.38,1000.29,0.0
1319,30.38,58.08,1000.12,0.0
1320,30.54,59.96,999.75,1.9
1321,29.25,65.08,999.12,0.8
1322,29.17,69.21,999.67,14.6
1323,28.25,75.62,1001.54,8.9
1324,27.88,72.08,1002.88,2.4
1325,28.79,62.21,1003.25,0.0
1326,29.92,64.58,1002.25,0.2
1327,29.96,69.25,1001.38,4.8
1328,27.38,79.79,1001.88,6.0
1329,27.29,77.54,1002.42,0.1
1330,26.29,87.0,1003.33,12.9
1331,26.21,83.83,1004.62,10.9
1332,26.67,79.33,1004.38,0.0
1333,28.21,69.96,1004.75,1.8
1334,28.25,73.17,1003.75,0.0
1335,29.21,69.54,1001.62,0.0
1336,29.79,63.67,1002.67,0.0
1337,30.46,64.5,1003.54,0.0
1338,30.75,65.62,1003.42,0.0
1339,30.62,64.29,1002.12,1.8
1340,31.67,53.38,1001.54,0.0
1341,31.71,56.88,1002.62,0.0
1342,30.54,62.83,1002.29,0.0
1343,30.58,58.92,1002.08,2.7
1344,30.0,60.67,1002.71,0.0
1345,28.12,68.08,1003.54,0.0
1346,26.42,80.62,1002.88,7.3
1347,27.58,71.08,1004.38,1.4
1348,29.75,60.83,1005.04,0.0
1349,30.58,58.62,1004.5,0.0
1350,30.46,60.92,1003.17,0.0
1351,29.67,63.58,1003.08,4.8
1352,28.54,74.29,1003.62,0.0
1353,28.88,71.62,1002.38,3.9
1354,28.21,73.25,1001.38,1.1
1355,27.83,63.04,1003.0,0.0
1356,28.0,59.67,1005.17,0.0
1357,28.67,58.42,1006.54,0.0
1358,28.71,56.79,1006.71,0.0
1359,29.08,45.62,1007.12,0.0
1360,29.21,34.75,1007.21,0.0
1361,29.58,41.21,1007.71,0.0
1362,29.58,38.29,1006.92,0.0
1363,28.67,34.29,1007.0,0.0
1364,28.46,30.71,1008.33,0.0
1365,28.17,31.33,1011.29,0.0
1366,28.58,33.71,1012.08,0.0
1367,29.12,36.0,1011.0,0.0
1368,29.04,38.92,1010.5,0.0
1369,29.5,32.71,1010.08,0.0
1370,29.62,24.71,1009.54,0.0
1371,30.29,26.88,1008.04,0.0
1372,29.92,23.67,1006.17,0.0
1373,29.71,23.04,1005.42,0.0
1374,29.83,23.38,1007.71,0.0
1375,29.33,25.88,1010.46,0.0
1376,29.88,24.5,1011.25,0.0
1377,29.0,23.38,1010.62,0.0
1378,28.92,26.75,1009.5,0.0
1379,28.42,24.33,1010.42,0.0
1380,28.08,25.08,1010.42,0.0
1381,28.5,19.38,1009.88,0.0
1382,27.79,23.25,1010.67,0.0
1383,28.29,22.08,1011.62,0.0
1384,28.42,24.04,1013.38,0.0
1385,27.46,27.67,1015.17,0.0
1386,27.92,30.54,1014.46,0.0
1387,27.83,31.29,1013.83,0.0
1388,27.46,30.88,1013.62,0.0
1389,27.46,27.88,1014.38,0.0
1390,26.75,27.88,1014.96,0.0
1391,26.67,26.12,1015.17,0.0
1392,27.12,28.29,1013.58,0.0
1393,25.04,29.92,1012.88,0.0
1394,23.12,26.25,1012.29,0.0
1395,23.12,26.33,1013.17,0.0
1396,23.21,26.21,1014.08,0.0
1397,23.33,26.12,1014.5,0.0
1398,23.46,24.08,1014.17,0.0
1399,23.88,24.33,1013.46,0.0
1400,24.38,26.04,1013.83,0.0
1401,23.67,25.62,1013.46,0.0
1402,22.79,27.08,1012.42,0.0
1403,22.21,27.54,1012.38,0.0
1404,22.42,29.04,1012.25,0.0
1405,22.12,29.46,1012.46,0.0
1406,22.21,27.04,1013.46,0.0
1407,22.96,23.67,1012.58,0.0
1408,22.58,25.33,1011.71,0.0
1409,23.04,27.25,1012.46,0.0
1410,24.58,31.08,1013.58,0.0
1411,24.08,22.12,1013.38,0.0
1412,22.67,26.17,1014.42,0.0
1413,21.75,32.54,1015.71,0.0
1414,21.21,23.62,1014.42,0.0
1415,21.04,19.92,1015.08,0.0
1416,20.96,24.83,1016.38,0.0
1417,20.54,23.33,1015.79,0.0
1418,21.54,24.0,1014.33,0.0
1419,21.67,26.83,1014.92,0.0
1420,20.29,24.21,1015.75,0.0
1421,19.12,26.62,1015.21,0.0
1422,19.46,19.71,1013.88,0.0
1423,19.5,20.62,1013.38,0.0
1424,19.67,21.96,1014.12,0.0
1425,19.83,28.46,1015.25,0.0
1426,18.71,25.12,1015.58,0.0
1427,18.42,20.79,1014.75,0.0
1428,18.71,24.96,1013.33,0.0
1429,20.29,28.5,1012.29,0.0
1430,17.62,39.67,1015.5,0.0
1431,16.04,30.79,1016.12,0.0
1432,16.38,26.58,1017.04,0.0
1433,17.67,26.75,1017.17,0.0
1434,18.67,21.88,1016.29,0.0
1435,19.25,21.12,1015.88,0.0
1436,19.71,16.62,1016.25,0.0
1437,19.75,15.08,1014.79,0.0
1438,19.83,17.29,1013.79,0.0
1439,19.12,24.92,1012.29,0.0
1440,18.83,32.5,1011.21,0.0
1441,18.88,38.54,1012.12,0.0
1442,17.12,42.33,1013.75,0.0
1443,18.29,42.62,1012.62,0.0
1444,18.58,48.08,1015.83,0.0
1445,18.5,45.08,1018.29,0.0
1446,18.29,45.33,1020.21,0.0
1447,16.54,34.62,1019.79,0.0
1448,17.33,32.88,1018.92,0.0
1449,15.58,35.0,1017.5,0.0
1450,14.71,24.38,1015.46,0.0
1451,14.25,27.54,1015.67,0.0
1452,13.71,36.79,1016.54,0.0
1453,14.04,37.92,1016.88,0.0
1454,13.08,43.17,1016.58,0.0
1455,14.08,31.75,1015.83,0.0
1456,13.25,34.5,1015.46,0.0
1457,13.54,31.42,1014.25,0.0
1458,14.12,34.42,1012.0,0.0
1459,14.08,41.0,1014.54,0.0
1460,13.38,42.58,1015.5,0.0
1461,11.38,44.21,1014.75,0.0
1462,11.0,45.12,1014.33,0.0
1463,11.25,39.67,1016.58,0.0
1464,10.17,38.5,1017.54,0.0
1465,10.42,32.83,1016.62,0.0
1466,10.67,26.83,1015.46,0.0
1467,9.54,34.96,1017.54,0.0
1468,10.08,22.21,1018.75,0.0
1469,11.42,19.38,1018.33,0.0
1470,13.25,25.83,1017.88,0.0
1471,15.38,33.46,1016.17,0.0
1472,16.5,39.54,1016.25,0.0
1473,18.54,46.5,1015.21,0.0
1474,17.75,43.42,1014.04,0.0
1475,14.25,37.79,1014.79,0.0
1476,15.62,45.92,1014.83,0.0
1477,16.46,50.21,1015.83,0.0
1478,17.12,56.88,1014.5,0.4
1479,13.83,61.71,1015.58,1.9
1480,11.83,42.92,1021.54,0.0
1481,11.71,35.29,1020.79,0.0
1482,12.17,41.54,1020.79,0.0
1483,12.21,33.92,1020.96,0.0
1484,12.75,38.71,1020.54,0.0
1485,13.12,35.08,1020.17,0.0
1486,13.38,35.96,1020.17,0.0
1487,14.17,33.58,1019.5,0.0
1488,14.96,30.5,1018.38,0.0
1489,15.12,33.75,1017.25,0.0
1490,15.96,36.29,1016.33,0.0
1491,16.17,34.96,1017.04,0.0
1492,17.5,34.42,1017.75,0.0
1493,18.12,44.54,1017.38,0.0
1494,19.04,38.75,1016.04,0.0
1495,18.25,40.0,1014.38,0.0
1496,20.67,43.29,1012.04,0.0
1497,18.33,59.12,1014.46,0.2
1498,16.88,51.42,1018.25,0.0
1499,14.58,45.17,1018.79,0.0
1500,14.54,40.79,1017.58,0.0
1501,14.79,38.46,1016.38,0.0
1502,15.54,33.38,1016.12,0.0
1503,16.5,35.08,1015.92,0.0
1504,17.46,38.96,1016.71,0.0
1505,18.42,34.0,1015.5,0.0
1506,19.92,31.12,1013.12,0.0
1507,19.29,54.75,1009.29,0.0
1508,16.46,64.67,1006.83,0.9
1509,15.79,55.75,1012.58,0.0
1510,16.54,50.0,1015.38,0.0
1511,17.79,44.54,1015.5,0.0
1512,18.29,47.92,1016.71,0.0
1513,19.75,42.17,1014.96,0.0
1514,21.25,39.42,1014.71,0.0
1515,20.92,44.58,1014.92,0.0
1516,17.79,52.08,1018.54,0.0
1517,18.58,48.92,1017.92,0.0
1518,21.04,41.29,1014.75,0.0
1519,21.04,32.88,1014.62,0.0
1520,19.58,27.79,1018.0,0.0
1521,18.92,33.96,1018.08,0.0
1522,20.96,26.0,1017.5,0.0
1523,22.25,23.33,1016.67,0.0
1524,22.42,17.0,1015.54,0.0
1525,23.29,21.58,1016.21,0.0
1526,23.92,19.54,1016.5,0.0
1527,23.88,23.92,1016.04,0.0
1528,24.33,20.79,1014.67,0.0
1529,26.25,15.04,1010.21,0.0
1530,26.0,15.42,1008.25,0.0
1531,25.67,22.67,1010.75,0.0
1532,26.33,22.79,1011.08,0.0
1533,26.58,21.04,1010.17,0.0
1534,24.17,33.08,1012.5,0.0
1535,24.25,26.92,1016.12,0.0
1536,25.25,26.46,1015.79,0.0
1537,25.29,30.5,1015.21,0.0
1538,25.83,26.08,1011.38,0.0
1539,27.38,21.25,1009.62,0.0
1540,28.38,21.38,1010.0,0.0
1541,27.83,23.29,1009.67,0.0
1542,28.0,24.25,1007.08,0.0
1543,28.17,20.33,1007.58,0.0
1544,27.46,25.0,1010.83,0.0
1545,25.12,24.96,1011.79,0.0
1546,25.04,24.71,1009.67,0.0
1547,25.92,25.83,1009.54,0.0
1548,26.71,28.96,1009.42,0.0
1549,25.42,32.08,1009.96,0.0
1550,25.54,32.62,1010.0,0.0
1551,27.08,27.04,1009.29,0.0
1552,28.62,21.83,1008.88,0.0
1553,29.17,24.83,1008.04,0.0
1554,27.58,30.12,1009.38,0.0
1555,28.21,21.33,1009.29,0.0
1556,28.54,15.96,1008.21,0.0
1557,29.79,12.71,1006.96,0.0
1558,30.75,13.71,1006.33,0.0
1559,31.46,13.04,1007.33,0.0
1560,31.92,15.71,1007.54,0.0
1561,31.04,19.17,1007.62,0.0
1562,30.58,19.79,1007.67,0.0
1563,31.29,17.46,1008.62,0.0
1564,32.33,16.29,1008.62,0.0
1565,31.38,19.79,1008.25,0.3
1566,31.71,18.25,1005.29,0.0
1567,33.29,13.58,1002.04,0.0
1568,31.79,9.54,1002.42,0.0
1569,31.79,13.46,1003.25,0.0
1570,32.0,14.67,1003.33,0.0
1571,32.08,13.38,1003.12,0.0
1572,31.12,19.88,1005.67,0.3
1573,30.21,26.08,1008.67,0.1
1574,31.29,24.83,1009.92,0.0
1575,32.54,24.75,1009.88,0.0
1576,33.17,24.58,1008.83,0.0
1577,33.12,27.42,1008.42,0.0
1578,33.79,20.71,1008.17,0.0
1579,32.46,19.79,1007.17,0.0
1580,33.5,17.25,1005.96,0.0
1581,33.83,17.58,1006.5,0.0
1582,33.04,5.96,1004.96,0.0
1583,31.83,6.75,1002.79,0.0
1584,33.08,6.5,1000.79,0.0
1585,35.0,11.21,1000.33,0.0
1586,36.21,13.04,1002.0,0.0
1587,35.83,10.58,1003.12,0.0
1588,35.92,9.46,1003.71,0.0
1589,36.42,11.29,1003.79,0.0
1590,35.75,10.75,1003.58,0.0
1591,34.5,16.38,1003.0,0.0
1592,33.25,22.67,1001.58,0.0
1593,32.21,26.08,1003.96,0.4
1594,33.29,22.08,1004.62,0.0
1595,34.96,15.75,1002.75,0.0
1596,36.54,12.0,1001.29,0.0
1597,36.79,10.75,1000.29,0.0
1598,37.42,10.92,1001.54,0.0
1599,38.29,10.83,1001.42,0.0
1600,38.46,9.0,1001.67,0.0
1601,37.88,11.54,1001.71,0.0
1602,38.04,9.0,1002.08,0.0
1603,37.67,9.46,1001.83,0.0
1604,38.17,14.62,1000.46,0.0
1605,38.83,17.17,999.46,0.0
1606,37.21,22.33,1000.96,0.0
1607,36.21,26.62,1001.33,0.0
1608,36.5,25.29,1002.0,0.0
1609,36.75,19.54,1002.33,0.0
1610,36.83,14.71,1001.96,0.0
1611,36.54,9.88,1000.38,0.0
1612,36.92,9.0,999.58,0.0
1613,35.92,20.29,1000.67,0.0
1614,34.79,28.33,1001.0,0.0
1615,37.5,21.75,999.67,0.0
1616,38.88,19.96,1000.71,0.0
1617,39.71,16.83,1000.17,0.0
1618,39.96,19.5,998.38,0.0
1619,37.38,28.83,999.04,0.0
1620,37.38,29.71,998.0,0.0
1621,36.54,34.54,997.46,0.0
1622,36.79,33.46,997.79,0.0
1623,34.67,42.29,999.29,0.8
1624,33.08,46.38,999.25,1.7
1625,35.75,36.08,998.0,0.2
1626,36.46,30.54,997.25,0.0
1627,35.08,35.33,996.88,0.0
1628,32.33,50.12,995.71,0.0
1629,33.25,46.67,994.58,0.1
1630,32.04,46.38,997.5,0.5
1631,34.0,32.5,999.54,0.0
1632,36.75,25.25,999.04,0.0
1633,37.25,26.17,998.04,0.0
1634,36.79,30.88,998.5,0.0
1635,36.92,31.71,997.71,0.0
1636,37.42,28.46,997.08,0.0
1637,36.62,32.62,998.83,0.0
1638,35.0,43.5,999.5,0.0
1639,33.83,49.54,998.58,4.8
1640,34.21,47.42,998.08,1.3
1641,34.38,46.12,998.5,0.0
1642,35.38,42.0,999.21,0.0
1643,35.67,40.17,997.25,0.4
1644,32.71,53.58,997.25,4.1
1645,32.92,50.12,998.04,0.0
1646,34.29,43.5,997.38,0.0
1647,33.38,45.83,997.88,0.0
1648,33.17,51.29,1000.58,0.5
1649,33.17,52.54,1000.96,2.0
1650,33.92,52.17,999.62,4.6
1651,32.58,55.17,998.25,3.4
1652,32.12,55.29,997.62,7.4
1653,32.17,52.38,999.08,0.0
1654,32.25,52.96,1000.08,0.0
1655,33.96,46.42,999.38,0.0
1656,33.71,50.42,998.96,6.7
1657,32.79,54.79,999.75,0.1
1658,33.25,51.29,1000.0,1.2
1659,32.67,54.83,999.58,0.0
1660,32.79,53.92,997.75,0.0
1661,32.12,59.04,996.46,0.4
1662,27.92,76.79,999.54,1.5
1663,29.79,63.62,998.08,0.0
1664,32.08,54.17,997.29,0.0
1665,32.04,54.71,998.42,0.2
1666,33.5,46.67,997.83,0.4
1667,33.96,46.46,995.96,0.9
1668,32.46,53.79,996.25,0.1
1669,31.96,54.5,998.46,0.9
1670,32.17,53.67,999.62,0.4
1671,30.96,63.46,999.58,9.7
1672,32.29,58.62,998.38,0.0
1673,31.25,64.0,997.92,1.8
1674,31.08,61.71,998.17,1.4
1675,31.67,53.88,999.21,0.0
1676,31.67,55.92,1001.0,3.9
1677,30.83,60.92,1001.88,0.9
1678,31.04,60.67,1002.08,2.4
1679,28.67,70.38,1003.71,0.0
1680,28.96,69.04,1003.92,0.3
1681,28.54,72.33,1003.04,0.0
1682,29.0,69.38,1001.96,4.9
1683,29.38,71.5,1001.25,4.6
1684,28.96,72.96,1002.38,5.5
1685,28.58,73.46,1002.29,1.6
1686,30.0,67.62,1000.25,0.3
1687,29.58,69.12,1000.83,2.3
1688,28.62,73.92,1002.5,5.7
1689,29.08,72.12,1001.62,2.8
1690,27.71,78.08,1000.83,13.3
1691,29.54,67.46,1000.92,0.0
1692,29.25,68.33,1001.54,3.8
1693,25.67,84.0,1001.12,2.5
1694,28.92,71.5,1000.83,3.0
1695,28.62,70.33,1002.75,0.0
1696,30.21,53.62,1002.54,0.0
1697,31.12,51.83,1002.04,0.0
1698,32.08,47.54,1001.33,0.0
1699,32.17,54.33,1000.79,0.2
1700,30.92,57.38,1002.42,0.0
1701,29.54,57.5,1005.21,0.0
1702,29.79,56.62,1006.04,0.0
1703,28.92,58.17,1005.67,0.0
1704,29.75,56.42,1005.46,0.0
1705,30.42,52.79,1005.79,0.0
1706,30.92,48.12,1006.46,0.0
1707,30.5,50.33,1005.58,0.0
1708,30.04,50.71,1005.08,0.0
1709,29.83,49.92,1004.25,0.0
1710,29.92,46.75,1005.46,0.0
1711,30.21,41.58,1006.58,0.0
1712,30.58,37.83,1007.96,0.0
1713,30.75,35.71,1008.5,0.0
1714,31.54,36.0,1006.38,0.0
1715,32.38,35.67,1006.21,0.0
1716,32.33,36.46,1007.75,0.0
1717,32.17,37.58,1008.12,0.0
1718,31.88,35.79,1005.62,0.0
1719,32.33,33.79,1002.92,0.0
1720,31.83,36.12,1003.25,0.0
1721,31.33,34.54,1003.83,0.0
1722,31.33,29.67,1003.71,0.0
1723,30.33,27.42,1003.5,0.0
1724,29.08,45.58,1003.08,0.0
1725,28.33,63.58,1002.92,1.8
1726,29.83,58.83,1001.62,0.1
1727,30.88,50.25,1001.38,0.0
1728,29.04,63.92,1002.92,7.6
1729,28.5,68.38,1005.5,3.8
1730,28.62,61.79,1007.29,0.0
1731,29.5,53.25,1007.33,0.1
1732,29.12,57.12,1006.54,1.1
1733,26.33,72.12,1004.54,2.5
1734,28.17,58.71,1004.67,0.3
1735,28.71,54.12,1006.96,0.0
1736,28.25,56.88,1009.29,0.6
1737,26.83,59.0,1008.38,0.0
1738,25.46,73.54,1006.5,0.9
1739,27.5,66.92,1005.12,4.6
1740,28.79,58.71,1006.92,0.0
1741,29.38,52.92,1009.38,0.0
1742,28.88,53.54,1010.38,0.0
1743,28.71,54.0,1010.5,0.0
1744,28.5,50.46,1011.25,0.0
1745,28.25,51.75,1010.5,0.0
1746,27.46,54.83,1008.58,0.2
1747,28.08,52.12,1008.29,0.3
1748,28.62,46.25,1008.38,0.0
1749,28.96,37.0,1009.58,0.0
1750,29.29,32.46,1009.79,0.0
1751,30.0,29.67,1010.5,0.0
1752,29.21,33.54,1011.46,0.0
1753,28.62,30.46,1012.12,0.0
1754,27.58,26.17,1011.29,0.0
1755,27.17,22.12,1010.08,0.0
1756,27.12,23.38,1011.29,0.0
1757,26.42,28.17,1013.29,0.0
1758,25.67,41.17,1013.33,0.0
1759,25.58,35.83,1011.71,0.0
1760,25.38,28.04,1011.62,0.0
1761,25.08,28.0,1011.21,0.0
1762,25.38,23.5,1010.88,0.0
1763,25.96,25.88,1012.08,0.0
1764,26.33,31.96,1013.33,0.0
1765,26.25,30.12,1013.58,0.0
1766,26.17,35.0,1013.46,0.0
1767,24.21,31.25,1014.83,0.0
1768,23.21,18.67,1016.25,0.0
1769,23.33,22.71,1017.5,0.0
1770,23.17,25.42,1016.71,0.0
1771,23.25,31.29,1015.0,0.0
1772,23.29,35.12,1014.58,0.3
1773,21.96,43.38,1014.92,0.4
1774,21.71,42.38,1016.38,0.0
1775,21.17,37.62,1016.96,0.0
1776,20.62,30.58,1014.42,0.0
1777,20.25,23.67,1014.08,0.0
1778,20.08,23.12,1014.67,0.0
1779,19.5,22.0,1015.54,0.0
1780,19.21,22.08,1016.62,0.0
1781,19.33,25.17,1017.92,0.0
1782,19.67,21.29,1017.96,0.0
1783,20.46,22.58,1017.5,0.0
1784,20.29,25.29,1016.04,0.0
1785,20.71,26.88,1012.83,0.0
1786,21.33,31.83,1012.33,0.0
1787,20.54,34.08,1014.83,0.0
1788,19.83,32.96,1014.88,0.0
1789,20.92,25.92,1015.04,0.0
1790,21.54,29.46,1014.04,0.0
1791,22.25,32.67,1013.04,0.0
1792,21.54,32.29,1014.54,0.0
1793,21.54,35.0,1017.29,0.0
1794,20.92,31.08,1017.42,0.0
1795,20.71,30.88,1016.21,0.0
1796,19.75,31.21,1015.96,0.0
1797,19.71,32.92,1015.04,0.0
1798,19.58,37.04,1015.71,0.0
1799,19.12,37.92,1016.96,0.0
1800,18.83,31.58,1015.79,0.0
1801,18.17,31.83,1014.0,0.0
1802,18.54,33.08,1013.75,0.0
1803,18.54,33.62,1013.17,0.0
1804,18.79,34.71,1012.67,0.0
1805,18.29,38.25,1013.42,0.0
1806,18.0,37.0,1014.17,0.0
1807,18.83,37.96,1014.17,0.0
1808,18.62,38.04,1013.38,0.0
1809,18.79,36.83,1012.58,0.0
1810,18.08,35.0,1013.79,0.0
1811,18.21,41.08,1014.71,0.0
1812,17.96,44.62,1013.79,0.0
1813,18.08,49.08,1012.29,0.0
1814,17.71,48.75,1012.58,0.0
1815,15.96,55.58,1015.42,0.0
1816,14.58,54.04,1015.88,0.0
1817,14.67,51.0,1018.04,0.0
1818,14.46,54.92,1020.75,0.0
1819,13.96,46.58,1021.67,0.0
1820,14.46,32.0,1021.29,0.0
1821,14.54,27.83,1019.17,0.0
1822,14.54,32.54,1017.75,0.0
1823,13.67,33.5,1018.75,0.0
1824,11.92,21.04,1018.33,0.0
1825,12.42,39.5,1016.79,0.5
1826,13.46,66.0,1018.83,0.0
1827,11.92,47.0,1021.54,0.0
1828,11.08,30.38,1020.46,0.0
1829,14.5,31.0,1017.88,0.0
1830,17.08,48.58,1015.04,0.0
1831,15.5,59.92,1014.38,0.0
1832,14.33,37.5,1017.17,0.0
1833,12.92,27.75,1017.79,0.0
1834,14.54,34.21,1016.58,0.0
1835,13.75,42.67,1016.42,0.0
1836,13.08,46.0,1016.33,0.0
1837,12.83,39.75,1019.54,0.0
1838,12.62,60.83,1020.29,0.0
1839,13.96,62.17,1018.79,0.0
1840,15.08,51.33,1016.38,0.0
1841,14.62,44.38,1018.33,0.0
1842,13.58,49.71,1018.79,0.0
1843,13.21,49.67,1016.46,0.0
1844,12.5,52.96,1019.12,0.0
1845,12.67,73.17,1023.25,0.0
1846,14.79,61.17,1020.42,0.0
1847,14.54,78.5,1018.96,3.3
1848,15.88,90.79,1018.21,4.2
1849,15.75,75.0,1020.08,0.1
1850,15.29,63.25,1019.08,0.0
1851,14.88,55.04,1019.42,0.0
1852,15.38,48.0,1019.25,0.0
1853,16.58,37.71,1019.42,0.0
1854,17.62,39.29,1017.21,0.0
1855,17.46,39.62,1017.17,0.0
1856,17.25,45.83,1018.33,0.0
1857,17.21,52.62,1018.58,0.0
1858,16.29,39.88,1018.75,0.0
1859,16.96,34.79,1016.71,0.0
1860,19.92,32.88,1013.0,0.0
1861,19.58,39.75,1011.38,0.0
1862,19.83,44.38,1011.04,0.1
1863,20.38,48.75,1009.92,0.7
1864,20.08,46.58,1009.25,0.0
1865,17.25,55.79,1010.88,0.0
1866,15.04,36.33,1012.38,0.0
1867,15.33,31.75,1011.62,0.0
1868,15.75,31.33,1012.75,0.0
1869,15.62,34.88,1013.25,0.0
1870,16.21,44.83,1011.88,0.0
1871,15.92,56.04,1010.0,0.3
1872,16.04,46.88,1011.58,0.0
1873,15.62,42.67,1015.46,0.5
1874,15.96,33.42,1018.67,0.0
1875,17.17,26.92,1017.92,0.0
1876,18.12,31.54,1015.25,0.0
1877,18.62,36.88,1013.5,0.0
1878,18.29,54.96,1013.12,0.0
1879,18.46,64.96,1016.38,0.0
1880,18.38,53.62,1019.12,0.0
1881,18.75,42.62,1018.62,0.0
1882,20.04,44.96,1016.75,0.1
1883,20.5,52.92,1013.71,0.5
1884,20.33,56.58,1012.42,0.3
1885,19.79,60.08,1011.58,0.9
1886,18.0,50.12,1014.62,0.1
1887,18.17,40.62,1016.79,0.0
1888,19.0,36.12,1016.92,0.0
1889,20.83,30.67,1016.08,0.0
1890,21.04,29.58,1015.62,0.0
1891,20.88,36.92,1015.83,0.0
1892,21.21,33.75,1017.21,0.0
1893,22.58,31.0,1017.29,0.0
1894,23.83,30.58,1014.29,0.0
1895,24.21,31.25,1012.71,0.0
1896,23.83,35.04,1012.29,0.4
1897,21.38,41.04,1016.12,0.0
1898,21.54,29.04,1016.75,0.0
1899,22.67,27.75,1015.33,0.0
1900,24.12,24.88,1015.88,0.0
1901,26.5,22.79,1015.67,0.0
1902,28.25,21.79,1012.5,0.0
1903,26.25,24.33,1013.67,0.0
1904,24.5,22.33,1014.5,0.0
1905,25.21,20.42,1011.5,0.0
1906,26.67,18.5,1007.29,0.0
1907,27.38,19.92,1007.08,0.0
1908,27.25,27.71,1009.42,0.2
1909,27.75,19.62,1010.79,0.0
1910,27.92,19.46,1011.25,0.0
1911,27.88,20.5,1011.12,0.0
1912,27.21,35.71,1011.33,0.0
1913,28.38,33.29,1010.92,0.0
1914,27.96,37.21,1011.08,0.0
1915,26.88,29.17,1011.08,0.0
1916,27.29,20.79,1009.25,0.0
1917,28.29,20.33,1007.25,0.0
1918,29.42,20.67,1005.75,0.0
1919,28.04,20.79,1010.67,0.0
1920,29.46,20.33,1010.96,0.0
1921,30.83,20.83,1009.46,0.0
1922,31.92,18.67,1008.42,0.0
1923,30.71,21.71,1009.83,0.0
1924,27.79,19.08,1011.46,0.0
1925,28.33,14.29,1011.46,0.0
1926,28.96,13.46,1011.46,0.0
1927,29.79,13.62,1009.67,0.0
1928,31.29,10.75,1007.67,0.0
1929,31.71,13.17,1008.17,0.0
1930,31.29,18.67,1010.0,0.0
1931,31.96,19.0,1009.71,0.0
1932,32.38,21.12,1007.92,0.2
1933,31.79,23.62,1006.38,0.6
1934,29.12,35.08,1010.21,2.0
1935,28.79,32.54,1011.71,0.0
1936,30.42,22.88,1011.0,0.0
1937,31.08,17.92,1010.71,0.0
1938,31.83,16.79,1012.46,0.0
1939,31.29,19.46,1010.54,0.0
1940,32.33,18.67,1007.79,0.0
1941,34.0,16.75,1007.25,0.0
1942,34.62,17.92,1007.33,0.0
1943,34.12,14.42,1008.54,0.0
1944,34.42,11.67,1007.58,0.0
1945,35.62,11.12,1005.46,0.0
1946,36.67,10.5,1005.5,0.0
1947,36.54,12.33,1004.29,0.0
1948,36.29,14.08,1003.38,0.0
1949,36.04,15.0,1003.54,0.0
1950,34.67,19.38,1003.83,0.0
1951,33.67,21.04,1005.83,0.0
1952,33.71,25.0,1007.12,0.0
1953,34.88,23.0,1005.75,0.0
1954,36.33,15.17,1004.08,0.0
1955,34.75,11.67,1002.33,0.0
1956,34.58,13.88,1001.46,0.0
1957,32.71,26.54,1005.21,0.1
1958,31.75,29.42,1005.92,2.0
1959,32.17,32.04,1007.25,3.1
1960,32.38,31.08,1007.17,0.6
1961,32.21,30.88,1005.92,0.2
1962,32.88,26.71,1005.5,0.0
1963,33.92,24.67,1007.88,0.0
1964,34.0,21.92,1008.42,0.0
1965,34.04,18.17,1008.12,0.0
1966,34.29,16.04,1006.29,0.0
1967,34.96,17.21,1004.71,0.0
1968,36.58,14.67,1001.96,0.0
1969,37.58,16.29,1001.12,0.0
1970,37.04,15.54,1003.96,0.3
1971,36.38,17.96,1005.88,0.1
1972,36.21,18.29,1006.83,0.0
1973,36.42,14.12,1005.62,0.0
1974,37.92,11.71,1002.83,0.0
1975,39.25,13.58,1001.54,0.0
1976,38.92,19.46,1000.88,0.0
1977,38.92,24.42,1000.75,0.0
1978,38.29,22.21,1003.17,0.0
1979,38.17,15.75,1004.21,0.0
1980,38.33,10.62,1002.0,0.0
1981,39.38,12.46,1000.04,0.0
1982,40.62,12.62,998.83,0.0
1983,40.79,13.04,998.08,0.0
1984,40.71,11.54,997.0,0.0
1985,40.5,13.58,995.88,0.0
1986,40.38,12.71,996.04,0.0
1987,39.42,13.38,998.21,0.0
1988,38.92,17.04,998.88,0.0
1989,37.29,30.38,999.75,0.1
1990,36.25,30.5,999.5,0.2
1991,36.0,34.17,999.29,0.1
1992,36.71,34.08,999.25,0.0
1993,37.75,29.29,998.5,0.0
1994,37.83,30.96,997.21,0.0
1995,37.29,34.46,996.54,0.0
1996,36.83,33.58,996.33,0.0
1997,37.88,32.04,995.58,0.0
1998,36.92,31.04,996.79,0.0
1999,35.46,38.71,999.0,0.2
2000,34.92,42.96,999.17,0.8
2001,34.71,40.5,997.79,0.8
2002,35.08,40.42,999.12,0.2
2003,35.46,37.21,1002.54,0.1
2004,35.71,36.04,1003.83,0.1
2005,35.75,33.29,1002.29,0.4
2006,35.58,32.71,1000.12,0.0
2007,34.67,38.5,999.96,0.0
2008,32.79,46.21,1002.21,0.0
2009,32.79,46.58,1002.46,0.2
2010,32.79,46.25,1000.12,3.9
2011,34.25,42.79,999.29,0.0
2012,35.29,38.12,1000.79,0.0
2013,36.12,32.88,1001.67,0.0
2014,36.75,27.0,1000.38,0.0
2015,35.79,29.67,999.75,0.0
2016,36.0,30.92,999.42,0.0
2017,36.92,28.75,999.58,0.0
2018,38.08,27.92,998.79,0.0
2019,38.17,29.21,998.12,0.0
2020,37.33,32.12,998.79,0.0
2021,35.71,38.5,998.62,0.0
2022,36.17,38.25,996.75,0.0
2023,33.92,51.08,997.58,3.7
2024,33.5,51.38,996.75,0.9
2025,32.79,52.58,996.25,0.9
2026,34.42,43.0,996.71,0.0
2027,33.71,45.83,998.62,1.5
2028,33.96,44.88,998.04,0.5
2029,33.12,49.42,998.0,0.0
2030,33.29,47.42,997.42,0.0
2031,31.12,52.62,998.5,0.0
2032,32.04,51.12,1000.62,0.0
2033,33.0,48.62,1002.83,0.0
2034,32.75,52.96,1002.96,7.9
2035,29.29,70.92,1000.71,6.3
2036,30.33,66.17,1000.17,2.3
2037,31.46,61.04,1000.25,0.6
2038,32.29,57.38,999.88,0.0
2039,31.88,61.21,999.38,3.3
2040,31.25,63.62,999.12,3.2
2041,31.0,65.58,997.75,1.5
2042,28.5,78.96,998.21,0.0
2043,28.67,72.17,999.42,0.0
2044,29.42,70.62,998.42,10.6
2045,29.38,71.29,997.96,9.9
2046,29.12,72.92,999.79,10.3
2047,28.54,77.29,1002.29,8.2
2048,29.21,76.25,1002.96,3.5
2049,29.79,70.5,1001.75,6.0
2050,29.5,72.38,1001.83,2.4
2051,29.71,65.33,1002.0,0.0
2052,28.88,68.21,1001.25,0.0
2053,28.04,70.71,1001.92,0.0
2054,28.71,65.92,1004.17,0.2
2055,29.33,59.42,1005.29,0.0
2056,30.96,50.08,1007.25,0.0
2057,31.92,48.5,1007.38,0.0
2058,32.25,41.17,1005.67,0.0
2059,32.0,40.92,1003.62,0.0
2060,32.17,39.46,1004.17,0.0
2061,32.67,36.21,1005.38,0.0
2062,32.92,35.38,1005.38,0.0
2063,32.79,44.42,1005.33,0.0
2064,32.21,44.71,1004.58,0.0
2065,32.17,47.0,1003.83,0.0
2066,31.88,47.0,1004.58,0.0
2067,31.54,49.88,1004.21,0.2
2068,30.75,54.62,1003.33,0.5
2069,31.71,50.75,1001.46,0.0
2070,30.96,54.38,1000.88,0.0
2071,28.67,65.33,1001.58,0.7
2072,27.96,74.67,1001.33,5.0
2073,26.96,78.46,1000.33,3.5
2074,27.29,77.33,1000.83,15.1
2075,29.17,65.42,1003.67,0.2
2076,29.92,60.88,1004.96,0.0
2077,30.33,58.96,1003.96,0.0
2078,30.04,62.75,1002.83,0.3
2079,28.88,71.0,1004.12,3.5
2080,27.46,76.46,1006.38,0.8
2081,28.92,61.75,1006.42,0.0
2082,29.29,60.29,1006.17,0.1
2083,28.75,67.08,1006.08,3.6
2084,29.21,60.67,1006.08,0.3
2085,29.92,52.29,1004.54,0.0
2086,29.79,51.17,1004.25,0.0
2087,29.88,50.04,1005.83,0.0
2088,29.79,44.75,1006.25,0.0
2089,29.62,44.71,1005.17,0.0
2090,29.38,45.21,1006.0,0.0
2091,28.88,47.25,1007.42,0.0
2092,29.04,48.21,1007.04,0.0
2093,28.33,48.71,1008.54,0.0
2094,29.17,49.25,1009.46,0.0
2095,29.12,45.71,1010.42,0.0
2096,29.25,42.96,1011.38,0.0
2097,29.54,37.83,1011.54,0.0
2098,30.0,39.79,1010.88,0.0
2099,30.17,39.0,1010.79,0.0
2100,30.17,38.33,1011.67,0.0
2101,30.25,34.17,1011.12,0.0
2102,30.21,30.83,1009.62,0.0
2103,30.17,30.58,1010.38,0.0
2104,29.67,29.29,1011.88,0.0
2105,29.71,25.25,1011.79,0.0
2106,29.75,29.0,1009.33,0.0
2107,30.04,35.12,1009.96,0.0
2108,29.38,32.42,1011.04,0.0
2109,28.83,28.33,1009.92,0.0
2110,28.29,25.46,1009.0,0.0
2111,28.0,21.92,1009.75,0.0
2112,27.29,40.17,1009.79,0.4
2113,26.58,56.83,1010.83,1.6
2114,26.88,43.58,1014.75,0.0
2115,26.62,30.83,1014.33,0.0
2116,26.71,30.79,1014.04,0.0
2117,26.29,27.83,1013.17,0.0
2118,26.04,22.75,1012.96,0.0
2119,26.42,22.79,1013.75,0.0
2120,26.92,23.75,1015.04,0.0
2121,27.38,26.5,1015.08,0.0
2122,27.25,23.33,1013.0,0.0
2123,26.96,28.12,1012.04,0.0
2124,27.21,31.5,1012.21,0.0
2125,25.96,33.0,1015.04,0.0
2126,25.5,33.5,1014.42,0.0
2127,26.08,31.75,1012.58,0.0
2128,26.54,34.42,1012.67,0.0
2129,26.83,29.67,1012.96,0.0
2130,25.0,40.04,1014.38,0.3
2131,23.83,39.92,1015.12,0.0
2132,24.04,33.62,1015.25,0.0
2133,25.21,31.5,1014.17,0.0
2134,26.0,37.67,1012.88,0.0
2135,25.29,37.29,1013.62,0.0
2136,24.83,33.96,1012.62,0.0
2137,25.92,34.33,1013.17,0.0
2138,25.83,31.46,1015.08,0.0
2139,25.33,37.12,1016.42,0.0
2140,24.42,27.71,1014.92,0.0
2141,23.62,22.29,1015.04,0.0
2142,22.33,19.0,1016.33,0.0
2143,22.33,24.08,1016.88,0.0
2144,22.33,15.17,1017.08,0.0
2145,21.08,19.62,1015.71,0.0
2146,20.62,22.29,1015.54,0.0
2147,20.33,21.54,1016.29,0.0
2148,20.46,23.08,1017.21,0.0
2149,20.29,22.88,1016.67,0.0
2150,20.79,23.04,1015.17,0.0
2151,21.12,22.04,1014.12,0.0
2152,20.62,22.33,1013.54,0.0
2153,20.67,24.88,1014.88,0.0
2154,19.46,23.12,1015.79,0.0
2155,19.08,20.08,1015.29,0.0
2156,20.0,17.21,1011.96,0.0
2157,21.12,24.75,1011.54,0.0
2158,22.54,32.83,1012.38,0.0
2159,22.75,41.58,1013.21,0.0
2160,22.38,39.12,1014.67,0.0
2161,21.17,28.67,1015.46,0.0
2162,20.46,31.33,1015.67,0.0
2163,20.62,33.71,1015.21,0.0
2164,20.58,29.08,1015.88,0.0
2165,19.92,31.29,1017.54,0.0
2166,19.33,30.75,1017.21,0.0
2167,18.92,26.17,1015.71,0.0
2168,17.83,26.54,1015.88,0.0
2169,18.0,30.08,1017.29,0.0
2170,17.12,28.33,1018.04,0.0
2171,16.0,25.29,1017.67,0.0
2172,16.75,22.38,1016.58,0.0
2173,16.71,59.58,1014.46,0.1
2174,14.96,74.88,1016.46,0.3
2175,14.88,65.5,1019.71,0.0
2176,14.33,54.04,1022.04,0.0
2177,13.42,42.25,1021.0,0.0
2178,13.42,34.71,1020.58,0.0
2179,14.17,31.46,1021.62,0.0
2180,13.83,27.54,1018.88,0.0
2181,13.38,32.12,1017.17,0.0
2182,13.96,37.58,1015.62,0.0
2183,14.21,40.79,1016.25,0.0
2184,13.75,30.75,1019.38,0.0
2185,13.42,34.5,1019.58,0.0
2186,13.54,26.88,1018.21,0.0
2187,12.71,29.21,1017.96,0.0
2188,12.38,31.12,1018.75,0.0
2189,12.08,29.04,1017.0,0.0
2190,12.42,33.21,1014.62,0.0
2191,13.62,39.88,1015.75,0.1
2192,14.71,45.71,1017.25,0.3
2193,14.62,66.46,1018.0,0.0
2194,14.54,81.12,1017.79,0.0
2195,14.54,62.46,1019.71,0.0
2196,15.08,42.67,1017.33,0.0
2197,15.62,42.96,1015.62,0.0
2198,14.38,45.21,1015.88,0.0
2199,13.21,41.42,1018.29,0.0
2200,13.54,42.29,1018.71,0.0
2201,14.88,32.96,1018.29,0.0
2202,14.75,25.96,1018.33,0.0
2203,13.67,36.21,1017.96,0.0
2204,14.71,33.83,1015.5,0.0
2205,14.79,48.67,1016.29,0.0
2206,12.62,61.54,1019.88,0.0
2207,12.38,58.5,1019.92,0.0
2208,12.96,47.79,1019.71,0.0
2209,13.46,41.12,1018.62,0.0
2210,14.25,37.33,1018.42,0.0
2211,15.0,41.08,1018.67,0.0
2212,17.17,40.75,1018.96,0.0
2213,14.33,70.0,1019.83,0.9
2214,14.54,74.92,1020.21,0.3
2215,14.42,56.17,1020.46,0.0
2216,15.54,49.62,1020.29,0.0
2217,14.54,69.79,1019.71,0.2
2218,13.79,52.33,1019.88,0.0
2219,12.71,41.58,1018.96,0.0
2220,13.08,30.21,1020.08,0.0
2221,13.21,23.62,1021.29,0.0
2222,15.33,28.46,1018.17,0.0
2223,17.29,33.71,1016.46,0.0
2224,18.21,41.12,1015.96,0.0
2225,17.58,44.83,1020.42,0.0
2226,16.04,44.42,1022.92,0.0
2227,15.46,40.75,1019.71,0.0
2228,17.04,37.67,1018.25,0.0
2229,18.0,37.08,1016.42,0.2
2230,18.71,37.71,1017.46,0.0
2231,18.17,39.96,1020.0,0.0
2232,17.54,36.5,1020.12,0.0
2233,17.25,33.12,1017.62,0.0
2234,16.71,24.71,1016.79,0.0
2235,19.12,28.96,1013.83,0.0
2236,21.88,34.58,1011.12,0.0
2237,21.96,30.58,1012.5,0.0
2238,22.67,28.88,1012.75,0.0
2239,21.92,37.71,1012.0,0.0
2240,21.33,43.79,1012.25,0.0
2241,23.79,33.17,1011.92,0.0
2242,24.0,30.12,1013.58,0.0
2243,23.71,37.46,1014.83,0.0
2244,23.38,37.46,1014.96,0.0
2245,23.92,33.5,1014.62,0.0
2246,24.79,33.08,1011.0,0.0
2247,23.54,27.04,1009.38,0.0
2248,19.0,14.38,1010.67,0.0
2249,18.62,17.58,1012.83,0.0
2250,20.62,23.88,1012.83,0.1
2251,20.04,64.21,1008.67,5.0
2252,19.25,59.92,1011.88,0.0
2253,18.88,40.21,1014.21,0.0
2254,19.29,31.88,1014.38,0.0
2255,20.42,29.62,1015.58,0.0
2256,21.88,31.17,1016.58,0.0
2257,22.04,40.5,1014.21,0.0
2258,22.0,36.71,1015.42,0.0
2259,18.88,25.88,1021.38,0.0
2260,17.42,40.83,1018.92,0.0
2261,23.25,27.92,1013.21,0.0
2262,22.96,28.12,1013.12,0.0
2263,23.29,26.88,1013.12,0.0
2264,23.83,25.83,1012.92,0.0
2265,24.62,25.08,1012.88,0.0
2266,25.5,23.96,1012.17,0.0
2267,26.54,23.5,1011.08,0.0
2268,26.92,24.04,1010.46,0.0
2269,24.92,27.46,1013.04,0.0
2270,25.33,26.54,1015.33,0.0
2271,27.04,25.75,1015.29,0.0
2272,27.25,31.33,1014.04,0.0
2273,28.12,26.42,1011.71,0.0
2274,29.58,21.92,1011.12,0.0
2275,30.42,20.75,1012.46,0.0
2276,31.21,21.08,1013.67,0.0
2277,31.83,18.83,1013.04,0.0
2278,31.29,18.17,1010.12,0.0
2279,30.92,24.08,1007.12,1.5
2280,27.29,42.46,1008.17,2.4
2281,26.58,44.21,1009.92,0.0
2282,29.54,29.71,1007.5,0.0
2283,30.88,27.21,1005.0,0.0
2284,30.33,33.0,1004.29,1.1
2285,27.08,37.62,1005.12,1.6
2286,27.0,37.62,1007.58,0.0
2287,28.0,26.38,1008.5,0.0
2288,27.67,25.58,1010.25,0.0
2289,28.29,23.25,1012.25,0.0
2290,28.62,21.92,1011.5,0.0
2291,29.5,19.21,1010.08,0.0
2292,30.71,20.58,1009.12,1.2
2293,27.83,35.54,1012.21,0.1
2294,31.29,19.33,1007.25,0.2
2295,31.21,18.38,1007.21,0.2
2296,31.67,18.67,1006.83,0.2
2297,30.62,29.0,1013.29,0.0
2298,32.46,24.79,1009.0,0.0
2299,34.12,18.21,1004.12,0.0
2300,35.58,14.58,1004.83,0.0
2301,35.88,13.08,1006.88,0.0
2302,33.75,15.5,1007.5,0.0
2303,34.58,10.38,1005.08,0.0
2304,34.12,9.96,1005.33,0.0
2305,34.54,7.54,1005.79,0.0
2306,34.96,8.71,1005.38,0.0
2307,33.75,25.08,1006.88,0.0
2308,35.17,20.33,1006.29,0.0
2309,34.12,14.25,1005.17,0.0
2310,34.38,17.92,1005.17,0.0
2311,35.67,14.83,1004.58,0.0
2312,33.46,14.46,1006.42,0.0
2313,33.71,17.21,1007.25,0.0
2314,34.54,10.83,1007.42,0.0
2315,35.5,8.75,1007.67,0.0
2316,35.83,8.12,1005.92,0.0
2317,36.79,6.88,1004.5,0.0
2318,37.0,9.88,1006.17,0.0
2319,36.62,13.75,1005.21,0.0
2320,36.25,13.21,1004.04,0.0
2321,35.96,16.38,1004.25,0.0
2322,36.21,16.08,1004.88,0.0
2323,34.79,20.67,1006.0,0.0
2324,33.88,21.83,1006.46,0.0
2325,33.5,20.08,1008.33,0.0
2326,34.38,19.62,1007.79,0.0
2327,35.25,17.96,1003.88,0.0
2328,36.71,13.67,1001.62,0.0
2329,38.33,13.25,1001.62,0.0
2330,38.75,15.92,1002.5,0.0
2331,37.67,17.83,1004.21,0.0
2332,38.38,16.38,1003.0,0.0
2333,38.33,16.42,1001.17,0.0
2334,38.62,14.83,999.58,0.0
2335,38.0,19.0,1000.08,0.0
2336,38.12,19.0,1000.17,0.0
2337,37.71,15.21,1001.71,0.0
2338,36.21,6.29,1003.38,0.0
2339,37.58,18.71,1001.96,0.0
2340,37.21,21.71,1003.33,0.0
2341,37.17,17.92,1004.17,0.0
2342,36.88,14.88,1002.29,0.0
2343,36.04,16.5,1001.04,0.0
2344,34.96,23.62,1003.42,0.2
2345,33.83,31.04,1004.42,0.5
2346,33.25,29.33,1006.0,0.4
2347,34.46,22.67,1005.75,0.0
2348,35.38,19.17,1003.75,0.0
2349,37.62,16.04,1001.54,0.0
2350,38.75,13.33,1001.25,0.0
2351,38.25,22.0,1002.29,0.0
2352,37.08,29.04,1002.38,0.0
2353,35.92,31.5,1003.21,0.4
2354,36.08,32.33,1001.38,0.3
2355,36.96,27.0,999.67,0.6
2356,35.21,28.92,1000.08,0.0
2357,34.54,34.96,1000.96,0.8
2358,36.33,26.62,1000.33,0.3
2359,36.96,25.38,998.88,0.0
2360,37.96,19.75,998.54,0.0
2361,39.17,18.0,996.96,0.0
2362,38.21,27.08,997.29,0.0
2363,36.38,33.71,997.54,0.0
2364,37.04,29.92,995.92,0.0
2365,35.67,37.0,996.21,0.0
2366,33.83,43.88,996.21,0.6
2367,33.38,46.42,995.67,2.9
2368,33.71,45.38,997.42,0.3
2369,34.88,37.5,999.33,0.6
2370,36.08,32.04,1002.38,0.0
2371,35.21,33.92,1004.38,0.4
2372,32.58,46.79,1004.08,1.6
2373,34.12,40.92,1003.42,2.1
2374,34.29,40.33,1003.96,0.0
2375,33.92,43.38,1003.08,0.9
2376,34.71,43.0,1000.71,0.0
2377,34.62,45.79,998.75,0.0
2378,32.92,50.92,998.42,0.6
2379,32.38,53.46,998.42,4.0
2380,33.17,48.38,999.46,1.8
2381,32.04,57.29,999.75,5.4
2382,30.5,62.33,998.5,2.1
2383,28.79,70.21,999.42,1.5
2384,30.83,60.17,1000.54,1.0
2385,32.46,53.29,1002.5,0.6
2386,33.42,49.46,1000.67,0.0
2387,33.46,48.12,997.38,0.0
2388,33.5,48.58,996.04,0.3
2389,32.12,54.33,997.75,1.3
2390,32.04,56.29,998.92,5.3
2391,32.21,55.17,998.79,3.8
2392,32.08,55.21,999.46,0.9
2393,32.0,57.54,1000.54,4.8
2394,32.75,53.12,1001.46,3.6
2395,33.67,48.0,1001.79,0.0
2396,33.04,51.42,1001.33,0.4
2397,32.5,54.5,998.96,4.6
2398,29.71,64.75,996.88,4.1
2399,26.58,74.96,999.71,4.0
2400,25.75,74.04,999.67,5.3
2401,27.38,73.17,997.54,3.2
2402,28.17,69.54,1000.42,4.4
2403,28.46,64.54,1002.04,0.1
2404,28.17,66.62,1004.29,1.0
2405,28.62,64.58,1005.58,2.4
2406,29.42,63.17,1004.46,1.5
2407,31.42,57.54,1001.75,0.5
2408,32.21,56.0,999.75,6.2
2409,31.5,60.58,999.83,12.1
2410,30.58,66.25,1001.62,9.8
2411,31.54,61.12,1002.75,0.5
2412,31.71,60.58,1001.46,5.5
2413,31.33,60.62,1001.67,1.8
2414,31.79,59.46,1003.67,2.4
2415,31.42,62.71,1003.83,2.5
2416,31.92,59.71,1003.21,0.0
2417,31.88,59.75,1003.0,2.0
2418,30.0,69.62,1004.33,10.2
2419,29.75,71.25,1004.88,3.6
2420,31.17,61.29,1003.79,1.1
2421,31.96,58.25,1004.33,0.0
2422,30.29,63.96,1005.38,4.5
2423,29.25,63.92,1004.58,0.0
2424,29.0,62.29,1004.42,0.0
2425,29.29,60.92,1003.54,0.0
2426,29.58,61.62,1003.67,2.3
2427,29.88,59.71,1004.62,0.4
2428,31.0,51.67,1004.04,0.0
2429,31.25,49.21,1003.79,0.0
2430,31.75,48.29,1004.12,0.0
2431,32.0,46.12,1004.46,0.0
2432,32.62,47.17,1003.71,0.0
2433,32.29,45.96,1004.0,0.0
2434,31.58,50.08,1004.92,0.3
2435,29.75,62.5,1003.79,0.8
2436,31.38,40.75,1004.54,0.0
2437,30.5,39.33,1007.46,0.0
2438,30.79,43.92,1009.71,0.5
2439,29.0,64.54,1003.5,1.5
2440,28.79,63.29,1004.04,0.2
2441,31.5,40.58,1007.79,0.2
2442,31.62,37.12,1008.12,0.0
2443,31.08,38.12,1008.0,0.0
2444,31.46,31.62,1008.92,0.0
2445,32.42,27.21,1008.12,0.0
2446,32.67,31.17,1007.46,0.0
2447,32.17,35.25,1007.17,0.0
2448,32.38,26.79,1005.33,0.0
2449,32.79,27.12,1004.62,0.0
2450,31.5,38.21,1005.04,0.0
2451,29.17,53.42,1004.71,1.5
2452,29.25,53.0,1005.42,0.5
2453,28.96,50.79,1005.25,0.3
2454,29.08,51.25,1005.08,0.4
2455,30.17,55.25,1003.75,0.9
2456,28.96,61.17,1003.92,9.2
2457,29.0,50.0,1008.12,0.0
2458,28.75,36.75,1007.46,0.0
2459,28.42,39.79,1006.17,0.0
2460,29.71,39.29,1007.12,0.0
2461,30.17,39.83,1008.46,0.0
2462,30.92,32.17,1009.33,0.0
2463,30.54,28.75,1011.38,0.0
2464,30.21,26.79,1013.0,0.0
2465,30.17,23.08,1013.08,0.0
2466,30.46,21.25,1012.04,0.0
2467,30.67,20.96,1010.0,0.0
2468,31.12,19.75,1010.46,0.0
2469,31.04,24.42,1010.71,0.0
2470,31.46,24.21,1009.96,0.0
2471,30.92,23.46,1010.58,0.0
2472,31.0,23.12,1009.46,0.0
2473,30.83,21.75,1006.71,0.0
2474,30.92,24.0,1006.92,0.0
2475,30.5,26.83,1010.0,0.0
2476,30.46,28.75,1011.62,0.0
2477,30.71,24.58,1011.96,0.0
2478,30.54,25.33,1013.5,0.0
2479,30.0,33.33,1014.04,0.0
2480,30.46,31.83,1013.92,0.0
2481,30.54,27.83,1013.04,0.0
2482,30.25,27.96,1013.42,0.0
2483,31.0,26.96,1012.75,0.0
2484,30.83,26.0,1011.0,0.0
2485,29.58,26.58,1011.88,0.0
2486,28.33,22.75,1012.92,0.0
2487,29.12,16.88,1012.58,0.0
2488,29.08,21.62,1011.71,0.0
2489,29.21,21.62,1012.17,0.0
2490,27.46,30.62,1014.5,0.0
2491,26.96,29.46,1014.38,0.0
2492,23.29,37.62,1015.5,3.0
2493,22.08,43.54,1017.17,0.0
2494,23.0,43.96,1016.96,0.0
2495,23.46,42.58,1016.58,0.0
2496,24.62,39.42,1016.21,0.0
2497,25.42,38.67,1015.88,0.0
2498,26.62,37.46,1014.5,0.0
2499,27.25,28.54,1012.71,0.0
2500,27.67,32.21,1012.25,0.0
2501,25.79,34.67,1013.0,0.0
2502,25.42,35.33,1014.33,0.0
2503,25.79,36.83,1014.88,0.0
2504,26.12,33.29,1014.21,0.0
2505,25.96,35.17,1013.62,0.0
2506,25.38,36.46,1014.83,0.0
2507,24.75,29.42,1016.0,0.0
2508,25.42,30.83,1015.29,0.0
2509,25.58,34.17,1012.71,0.0
2510,25.96,30.08,1012.12,0.0
2511,25.0,26.92,1013.12,0.0
2512,22.29,18.21,1014.21,0.0
2513,21.54,17.92,1016.79,0.0
2514,21.46,16.92,1017.54,0.0
2515,21.71,21.25,1016.29,0.0
2516,21.79,28.58,1015.38,0.0
2517,22.29,30.5,1015.12,0.0
2518,22.33,29.96,1015.67,0.0
2519,22.88,28.29,1016.54,0.0
2520,22.96,23.25,1015.75,0.0
2521,23.54,25.21,1013.79,0.0
2522,20.42,22.83,1012.42,0.0
2523,20.46,36.17,1015.67,0.0
2524,20.5,38.46,1017.83,0.0
2525,22.12,41.0,1017.21,0.0
2526,22.58,60.04,1015.21,0.4
2527,20.96,47.5,1016.46,0.2
2528,20.96,31.54,1017.21,0.0
2529,22.04,23.79,1015.5,0.0
2530,20.17,27.21,1016.12,0.0
2531,20.12,25.88,1015.96,0.0
2532,20.21,30.46,1016.79,0.0
2533,20.38,30.92,1016.0,0.0
2534,20.92,31.83,1015.0,0.0
2535,21.29,38.12,1012.62,0.0
2536,18.17,31.67,1012.71,0.0
2537,15.58,38.12,1015.12,0.0
2538,14.67,31.58,1016.67,0.0
2539,14.38,27.12,1018.17,0.0
2540,14.96,29.83,1016.83,0.0
2541,15.21,32.12,1015.79,0.0
2542,15.29,33.83,1016.25,0.0
2543,16.58,34.29,1018.17,0.0
2544,16.29,32.83,1018.17,0.0
2545,16.08,33.12,1017.75,0.0
2546,14.21,29.29,1018.83,0.0
2547,13.92,33.0,1020.79,0.0
2548,14.5,33.12,1021.21,0.0
2549,13.29,29.67,1022.04,0.0
2550,12.75,24.46,1022.46,0.0
2551,15.25,22.0,1020.79,0.0
2552,17.62,18.62,1021.0,0.0
2553,18.75,26.04,1020.33,0.0
2554,14.83,41.83,1016.42,0.0
2555,19.42,29.42,1017.29,0.0
2556,18.88,27.42,1019.71,0.0
2557,18.21,30.08,1020.67,0.0
2558,17.62,33.46,1020.71,0.0
2559,17.67,32.08,1018.46,0.0
2560,13.88,49.96,1016.67,0.0
2561,19.62,37.04,1016.42,0.0
2562,19.83,38.88,1016.42,0.0
2563,19.42,49.04,1018.33,0.2
2564,18.62,47.75,1018.29,0.0
2565,16.54,42.17,1016.38,0.0
2566,16.71,41.08,1016.92,0.0
2567,17.67,38.42,1016.75,0.0
2568,18.0,39.0,1014.62,0.0
2569,17.25,48.17,1014.83,0.0
2570,16.08,55.54,1015.54,0.0
2571,14.83,57.25,1016.25,0.0
2572,13.42,54.21,1014.88,0.0
2573,14.08,53.67,1015.29,0.0
2574,15.25,53.04,1014.79,0.0
2575,14.79,53.12,1015.33,0.0
2576,13.25,49.25,1018.33,0.0
2577,12.46,39.46,1019.92,0.0
2578,13.79,34.92,1019.0,0.0
2579,14.29,36.54,1019.12,0.0
2580,14.96,35.21,1017.92,0.0
2581,14.83,43.46,1016.25,0.0
2582,16.33,40.17,1014.88,0.0
2583,18.0,38.88,1014.29,0.0
2584,18.88,43.12,1015.62,0.0
2585,19.79,49.42,1016.29,0.0
2586,20.88,50.17,1015.71,0.0
2587,20.29,50.08,1016.46,0.0
2588,18.38,35.33,1017.83,0.0
2589,16.54,26.67,1018.67,0.0
2590,15.42,29.83,1018.75,0.0
2591,16.04,30.92,1018.04,0.0
2592,16.46,29.5,1015.96,0.0
2593,18.08,34.25,1012.12,0.0
2594,17.88,43.88,1014.83,0.0
2595,17.21,43.08,1017.21,0.0
2596,17.33,43.33,1015.0,0.0
2597,18.12,39.17,1012.12,0.0
2598,18.42,27.79,1011.62,0.0
2599,18.46,35.96,1012.5,0.0
2600,18.04,36.46,1014.67,0.0
2601,17.42,33.75,1017.71,0.0
2602,17.88,32.04,1018.83,0.0
2603,19.17,23.92,1019.75,0.0
2604,21.67,30.62,1018.71,0.0
2605,24.21,36.42,1016.5,0.0
2606,25.83,36.42,1014.83,0.0
2607,24.17,41.62,1015.5,0.9
2608,21.12,31.42,1016.46,0.0
2609,21.0,17.96,1016.46,0.0
2610,20.92,13.75,1013.96,0.0
2611,21.96,16.04,1012.83,0.0
2612,22.17,16.54,1014.79,0.0
2613,22.0,22.71,1017.46,0.0
2614,22.38,29.21,1018.08,0.0
2615,22.92,27.79,1018.0,0.0
2616,22.96,29.67,1017.75,0.0
2617,24.54,26.75,1015.17,0.0
2618,26.12,23.04,1014.42,0.0
2619,26.58,27.08,1014.5,1.2
2620,26.79,25.71,1012.92,0.0
2621,25.12,31.75,1011.79,0.4
2622,23.0,46.92,1012.71,0.0
2623,23.96,46.0,1013.0,0.0
2624,23.88,41.58,1012.46,0.0
2625,24.46,32.08,1012.92,0.0
2626,26.42,30.38,1013.12,0.0
2627,27.38,30.5,1012.08,0.4
2628,25.88,35.71,1009.46,1.2
2629,24.62,33.29,1011.08,0.0
2630,24.54,32.42,1013.21,0.0
2631,23.92,31.21,1015.04,0.0
2632,25.08,24.46,1013.21,0.0
2633,27.08,26.17,1010.12,0.0
2634,28.42,27.79,1009.04,0.0
2635,29.17,26.83,1008.96,0.0
2636,28.46,20.67,1010.21,0.0
2637,27.38,19.54,1012.0,0.0
2638,25.54,17.67,1011.71,0.0
2639,28.33,11.5,1011.0,0.0
2640,30.25,12.17,1012.58,0.0
2641,31.71,11.54,1012.33,0.0
2642,27.96,27.12,1014.0,0.2
2643,27.46,21.88,1013.62,0.6
2644,27.67,17.75,1013.17,0.0
2645,28.88,16.46,1012.29,0.0
2646,30.29,16.38,1011.75,0.0
2647,31.67,13.04,1009.46,0.0
2648,32.46,16.79,1007.62,0.0
2649,33.83,18.88,1008.46,0.0
2650,33.71,20.5,1009.0,0.0
2651,31.71,21.75,1008.38,0.0
2652,31.62,21.5,1007.83,0.1
2653,30.75,22.71,1008.33,0.6
2654,30.04,20.25,1008.96,0.0
2655,30.67,15.46,1009.21,0.0
2656,30.88,14.17,1009.12,0.0
2657,31.62,15.21,1009.46,0.0
2658,30.71,18.42,1009.88,0.0
2659,29.62,20.21,1008.88,0.0
2660,31.42,19.25,1007.42,0.1
2661,31.21,18.38,1007.21,0.2
2662,31.67,18.29,1006.71,0.2
2663,32.38,17.62,1007.0,0.0
2664,31.88,17.71,1006.58,0.1
2665,31.62,18.38,1006.33,0.1
2666,32.33,17.17,1005.92,0.0
2667,32.67,17.0,1005.83,0.0
2668,33.42,15.5,1005.5,0.0
2669,33.46,14.75,1003.21,0.0
2670,31.21,7.38,1003.83,0.0
2671,31.71,5.5,1003.46,0.0
2672,32.25,9.46,1005.12,0.0
2673,33.62,14.5,1007.25,0.0
2674,33.42,12.75,1006.25,0.0
2675,34.08,10.62,1005.75,0.0
2676,34.75,8.38,1006.12,0.0
2677,34.88,7.12,1005.33,0.0
2678,35.88,9.0,1003.71,0.0
2679,36.21,14.25,1003.79,0.2
2680,35.12,17.5,1004.5,0.0
2681,34.92,16.96,1004.29,0.0
2682,33.0,22.29,1006.71,0.3
2683,31.67,28.62,1006.62,0.0
2684,33.96,20.58,1005.67,0.0
2685,36.0,17.75,1005.75,0.0
2686,37.17,17.67,1005.17,0.0
2687,37.04,17.71,1005.88,0.0
2688,36.42,18.75,1005.33,0.5
2689,37.08,16.88,1002.46,0.4
2690,36.46,16.58,1002.62,0.0
2691,37.17,16.58,1003.83,0.0
2692,37.5,17.17,1003.96,0.1
2693,37.67,15.79,1002.12,0.0
2694,38.5,12.08,1000.21,0.0
2695,40.42,10.58,998.67,0.0
2696,37.12,17.0,1002.58,0.0
2697,36.04,18.5,1002.46,0.0
2698,36.08,19.08,1002.08,0.0
2699,38.42,23.42,998.58,0.0
2700,38.08,26.46,999.58,3.0
2701,36.54,30.46,1000.75,0.0
2702,36.25,26.96,998.79,0.3
2703,35.67,30.0,1001.62,0.0
2704,33.58,34.75,1002.96,0.0
2705,32.33,40.96,1002.29,0.0
2706,36.04,28.33,1000.88,0.1
2707,34.38,33.67,1002.42,0.1
2708,36.33,27.0,1002.92,0.0
2709,36.58,22.46,1001.29,0.0
2710,37.08,22.92,1003.21,0.0
2711,37.83,20.04,1003.38,0.0
2712,38.88,14.54,1003.21,0.0
2713,39.67,11.96,1002.17,0.0
2714,39.12,14.88,1001.58,0.0
2715,39.17,13.71,1001.0,0.0
2716,38.46,14.08,999.83,0.0
2717,38.25,17.04,999.0,0.0
2718,38.04,26.38,1000.25,0.0
2719,37.33,27.46,999.96,0.0
2720,36.38,32.29,1000.0,0.3
2721,36.71,31.67,1000.29,1.4
2722,35.42,35.54,999.54,0.6
2723,34.88,41.38,998.83,0.0
2724,34.79,37.12,998.67,0.5
2725,37.38,30.71,999.08,0.0
2726,36.79,31.17,1000.75,0.0
2727,36.5,32.08,1001.25,0.0
2728,36.42,35.04,1000.04,0.0
2729,34.29,46.42,1000.33,9.3
2730,34.29,47.0,1002.0,3.6
2731,35.79,39.17,1001.12,0.0
2732,36.75,33.29,999.83,0.0
2733,37.25,31.38,1000.58,0.0
2734,36.92,33.54,1000.62,0.6
2735,35.75,39.33,999.83,0.5
2736,35.29,42.71,1000.96,0.3
2737,35.5,44.08,1001.46,2.7
2738,36.92,38.75,999.17,0.0
2739,35.96,45.0,997.08,0.0
2740,33.38,52.92,998.0,8.1
2741,32.79,54.21,998.67,1.1
2742,34.21,47.04,998.0,0.6
2743,34.62,46.62,997.08,1.1
2744,34.42,47.21,997.71,0.0
2745,34.25,46.71,998.88,0.0
2746,33.88,49.46,998.46,0.1
2747,34.33,47.71,997.25,0.3
2748,34.12,50.29,997.21,0.4
2749,33.58,50.17,997.92,0.0
2750,33.0,52.08,998.96,0.5
2751,32.46,59.17,999.0,19.6
2752,31.75,62.42,999.46,7.5
2753,29.29,74.83,1000.83,18.5
2754,26.92,82.54,1001.5,9.1
2755,28.0,78.38,1003.04,7.5
2756,32.29,57.79,998.58,1.0
2757,32.12,56.75,997.88,2.3
2758,31.58,58.21,998.38,1.3
2759,31.5,59.96,998.96,3.5
2760,31.17,61.71,998.83,3.2
2761,31.33,60.12,998.29,2.1
2762,31.08,61.12,998.5,3.7
2763,31.0,61.83,998.38,2.6
2764,30.92,62.33,999.0,0.8
2765,29.88,66.25,999.54,2.5
2766,28.08,78.0,1002.88,13.6
2767,28.33,74.21,1002.0,5.4
2768,29.96,66.75,1001.88,1.8
2769,30.92,62.46,1001.33,1.9
2770,30.67,65.04,999.42,3.3
2771,28.79,74.5,998.04,3.5
2772,29.08,72.21,998.54,2.1
2773,28.67,74.58,999.42,10.5
2774,30.29,69.12,999.92,0.0
2775,30.67,67.25,1000.12,0.0
2776,29.58,73.29,1000.67,17.1
2777,29.88,71.75,1000.0,6.6
2778,29.75,72.33,998.25,3.5
2779,29.21,75.0,999.62,16.8
2780,27.17,85.67,1002.54,18.8
2781,28.21,77.17,1003.42,3.9
2782,29.46,71.46,1002.79,0.0
2783,29.62,69.0,1001.92,0.0
2784,29.33,67.29,1001.17,0.0
2785,29.17,67.12,1000.12,0.0
2786,29.04,66.04,1000.67,0.0
2787,26.67,73.54,1001.79,0.0
2788,28.62,68.08,1000.75,3.1
2789,28.62,74.83,999.29,13.5
2790,25.71,81.46,1000.83,0.2
2791,27.29,80.75,1002.42,1.0
2792,28.08,76.5,1002.83,0.7
2793,27.5,78.12,1001.96,9.2
2794,27.96,75.67,1004.58,0.0
2795,29.67,66.5,1005.54,0.4
2796,29.92,68.33,1006.54,7.0
2797,28.08,79.0,1006.83,14.8
2798,28.79,76.29,1004.21,6.0
2799,28.75,77.0,1002.71,0.2
2800,30.75,64.38,1002.62,16.4
2801,28.29,72.21,1003.25,5.6
2802,29.08,63.21,1003.12,0.1
2803,28.71,63.71,1003.67,0.0
2804,27.79,66.75,1005.88,0.0
2805,27.42,68.25,1006.25,0.0
2806,27.46,66.38,1006.88,0.2
2807,27.62,64.42,1006.58,0.0
2808,28.62,59.38,1007.42,0.0
2809,28.58,58.42,1008.25,0.0
2810,28.38,58.04,1007.29,0.0
2811,28.42,55.67,1006.46,0.0
2812,28.79,52.46,1006.67,0.0
2813,29.38,49.0,1007.92,0.0
2814,29.71,51.75,1007.46,0.0
2815,30.04,50.75,1006.38,0.0
2816,30.58,45.58,1005.54,0.0
2817,30.54,39.5,1004.67,0.0
2818,30.67,45.42,1005.5,0.0
2819,31.33,44.42,1004.79,0.0
2820,30.88,41.79,1004.04,0.0
2821,30.96,45.96,1006.0,0.0
2822,30.38,53.12,1007.42,0.0
2823,30.04,56.54,1005.38,0.0
2824,30.08,53.58,1004.25,0.2
2825,29.75,51.38,1005.12,0.0
2826,30.54,43.33,1006.71,0.0
2827,30.83,45.5,1006.92,0.0
2828,30.79,42.38,1006.12,0.0
2829,30.54,42.83,1005.75,0.0
2830,30.42,48.62,1005.83,0.0
2831,30.42,56.62,1007.54,0.0
2832,30.62,56.29,1009.12,0.0
2833,31.54,51.46,1007.71,0.0
2834,31.33,51.58,1005.83,3.9
2835,30.08,52.25,1005.71,0.0
2836,29.17,52.25,1007.58,0.3
2837,30.12,44.75,1008.29,0.0
2838,30.5,35.96,1008.0,0.0
2839,30.62,39.21,1006.71,0.2
2840,29.33,34.96,1007.33,0.3
2841,28.5,32.17,1008.08,0.0
2842,28.08,28.96,1008.0,0.0
2843,28.25,30.12,1009.71,0.0
2844,28.38,30.75,1010.38,0.0
2845,28.17,22.33,1011.12,0.0
2846,28.0,25.5,1012.25,0.0
2847,28.08,27.17,1011.38,0.0
2848,28.54,22.38,1010.38,0.0
2849,27.67,25.12,1009.38,0.0
2850,27.71,26.08,1008.67,0.0
2851,27.17,28.88,1009.67,0.0
2852,27.38,28.42,1010.83,0.0
2853,27.62,29.96,1010.42,0.0
2854,27.12,35.25,1009.67,0.0
2855,26.75,37.67,1010.17,0.0
2856,27.12,30.54,1012.38,0.0
2857,26.29,19.29,1015.21,0.0
2858,25.12,17.88,1013.42,0.0
2859,25.17,20.38,1013.04,0.0
2860,24.83,22.83,1014.83,0.0
2861,24.58,24.5,1017.25,0.0
2862,24.25,20.08,1016.5,0.0
2863,23.79,20.62,1016.46,0.0
2864,23.5,23.12,1016.46,0.0
2865,23.54,28.04,1013.62,0.0
2866,24.25,23.75,1011.29,0.0
2867,24.5,20.75,1012.17,0.0
2868,23.54,18.83,1013.88,0.0
2869,23.0,17.0,1015.12,0.0
2870,23.29,14.33,1015.58,0.0
2871,23.75,20.75,1014.12,0.0
2872,23.54,22.62,1013.83,0.0
2873,22.75,27.08,1015.17,0.0
2874,22.75,27.33,1016.79,0.0
2875,22.21,26.92,1016.29,0.0
2876,21.12,28.29,1016.29,0.0
2877,20.88,27.08,1017.62,0.0
2878,20.96,24.92,1017.54,0.0
2879,21.12,18.58,1015.25,0.0
2880,21.25,19.29,1012.79,0.0
2881,21.79,21.17,1013.46,0.0
2882,22.08,23.46,1013.96,0.0
2883,22.0,23.38,1013.71,0.0
2884,21.62,24.75,1013.83,0.0
2885,21.33,26.79,1015.62,0.0
2886,21.96,20.17,1015.17,0.0
2887,22.75,19.21,1014.62,0.0
2888,22.88,21.33,1014.96,0.0
2889,22.21,20.88,1014.25,0.0
2890,21.67,22.12,1014.88,0.0
2891,21.29,26.96,1015.83,0.0
2892,20.33,36.62,1016.62,0.0
2893,19.75,40.92,1018.08,0.0
2894,18.54,38.54,1019.46,0.0
2895,17.75,36.42,1019.88,0.0
2896,18.29,29.08,1017.58,0.0
2897,18.75,28.54,1017.71,0.0
2898,18.54,31.58,1017.08,0.0
2899,18.29,36.21,1015.62,0.0
2900,19.21,34.67,1013.71,0.0
2901,20.5,32.83,1013.21,0.0
2902,20.42,39.92,1013.38,0.0
2903,19.62,46.0,1014.29,0.0
2904,20.17,44.92,1015.04,0.0
2905,19.5,44.0,1017.12,0.0
2906,18.25,36.04,1017.04,0.0
2907,16.92,39.08,1018.17,0.0
2908,17.0,41.38,1017.75,0.0
2909,16.71,38.0,1018.25,0.0
2910,16.42,29.38,1018.46,0.0
2911,17.21,24.25,1017.67,0.0
2912,18.42,22.83,1016.92,0.0
2913,18.33,25.67,1016.54,0.0
2914,17.96,27.21,1014.17,0.0
2915,17.88,33.88,1011.54,0.0
2916,16.42,32.54,1015.29,0.0
2917,15.71,53.08,1017.71,0.0
2918,15.83,38.38,1017.71,0.0
2919,17.0,38.75,1016.21,0.0
2920,17.62,37.25,1015.79,0.0
2921,17.17,48.42,1016.12,0.0
2922,17.08,54.5,1014.71,0.0
2923,16.04,58.21,1015.92,0.0
2924,15.25,58.71,1018.83,0.0
2925,15.5,56.62,1018.42,0.0
2926,15.67,51.25,1015.92,0.0
2927,16.62,44.12,1014.62,0.0
2928,16.54,50.42,1012.54,0.0
2929,16.71,45.33,1011.5,0.0
2930,14.96,60.96,1014.92,0.0
2931,13.96,54.17,1016.29,0.0
2932,12.04,44.29,1017.92,0.0
2933,10.21,30.5,1018.29,0.0
2934,9.71,36.25,1017.58,0.0
2935,10.42,35.5,1018.21,0.0
2936,12.17,35.92,1019.12,0.0
2937,13.92,41.04,1018.17,0.0
2938,13.38,45.17,1017.96,0.0
2939,11.42,46.17,1019.46,0.0
2940,12.5,51.33,1022.12,0.0
2941,13.42,42.71,1023.92,0.0
2942,14.29,38.42,1022.71,0.0
2943,16.04,43.5,1020.71,0.0
2944,17.21,46.71,1021.25,0.0
2945,18.38,54.21,1019.79,0.0
2946,20.46,53.62,1017.67,0.0
2947,21.04,55.21,1017.17,2.6
2948,17.92,74.71,1016.96,3.8
2949,15.25,64.42,1019.38,1.9
2950,15.46,62.25,1019.96,0.0
2951,16.92,53.79,1017.79,0.0
2952,17.71,51.12,1015.79,0.0
2953,18.33,48.54,1015.25,0.0
2954,18.33,52.92,1017.08,0.0
2955,18.46,48.5,1018.79,0.0
2956,19.21,47.33,1016.96,0.0
2957,21.12,42.42,1013.08,0.0
2958,20.25,44.79,1013.12,0.0
2959,16.88,33.12,1017.42,0.0
2960,16.25,27.96,1017.21,0.0
2961,17.21,33.5,1015.54,0.0
2962,16.38,34.08,1017.29,0.0
2963,15.75,32.21,1016.58,0.0
2964,16.38,34.12,1017.0,0.0
2965,17.17,36.54,1020.12,0.0
2966,17.83,30.5,1022.25,0.0
2967,18.12,28.42,1022.21,0.0
2968,20.17,24.96,1020.79,0.0
2969,22.08,26.67,1018.71,0.0
2970,22.79,29.96,1017.83,0.0
2971,23.04,33.88,1017.46,0.0
2972,23.96,29.83,1014.12,0.0
2973,23.33,27.08,1008.33,0.0
2974,19.83,26.29,1009.33,0.0
2975,18.75,19.0,1013.42,0.0
2976,19.08,19.25,1016.5,0.0
2977,19.12,19.42,1017.79,0.0
2978,21.75,18.33,1016.12,0.0
2979,20.42,16.21,1013.79,0.0
2980,21.54,18.54,1014.62,0.0
2981,23.92,22.17,1013.92,0.0
2982,23.71,27.25,1013.17,0.0
2983,22.96,36.79,1011.92,0.0
2984,21.29,25.79,1011.25,0.0
2985,20.38,22.5,1011.08,0.0
2986,20.79,19.21,1012.21,0.0
2987,21.17,22.21,1011.33,0.0
2988,22.83,20.29,1008.92,0.0
2989,22.62,29.04,1007.83,0.0
2990,21.83,35.25,1007.67,0.1
2991,19.67,51.79,1007.25,2.1
2992,18.12,39.21,1010.83,0.4
2993,18.04,24.46,1015.12,0.0
2994,18.96,24.88,1015.17,0.0
2995,20.46,22.67,1016.25,0.0
2996,22.71,22.88,1014.5,0.0
2997,24.46,19.92,1011.62,0.0
2998,23.38,24.12,1011.33,0.0
2999,24.5,32.42,1010.38,0.7
3000,24.29,38.5,1012.33,0.0
3001,25.08,25.92,1013.42,0.0
3002,26.12,21.25,1013.17,0.0
3003,28.71,18.67,1011.29,0.0
3004,29.75,19.08,1010.42,0.0
3005,28.83,19.92,1010.96,0.0
3006,29.08,19.12,1011.5,0.0
3007,29.29,19.54,1012.38,0.0
3008,31.08,18.83,1011.38,0.0
3009,32.42,15.42,1010.25,0.0
3010,31.62,12.79,1009.33,0.0
3011,31.62,14.42,1009.08,0.0
3012,31.12,11.79,1009.83,0.0
3013,31.5,14.04,1007.62,0.0
3014,31.42,16.67,1005.96,0.0
3015,32.04,18.5,1006.33,0.0
3016,31.75,23.83,1006.58,0.2
3017,32.5,21.83,1004.12,0.0
3018,30.38,18.79,1004.75,0.0
3019,26.75,10.12,1008.67,0.0
3020,26.67,7.5,1011.58,0.0
3021,26.62,10.5,1012.42,0.0
3022,27.62,11.29,1011.17,0.0
3023,29.33,10.58,1009.46,0.0
3024,31.17,9.71,1007.92,0.0
3025,32.25,9.17,1007.54,0.0
3026,33.04,9.12,1005.67,0.0
3027,34.25,9.08,1003.96,0.0
3028,34.21,9.88,1004.88,0.0
3029,34.58,11.83,1006.21,0.0
3030,35.17,12.88,1005.38,0.0
3031,34.67,14.67,1003.46,0.0
3032,35.42,18.21,1001.71,0.0
3033,36.04,15.38,1002.25,0.0
3034,35.12,15.67,1003.75,0.0
3035,33.25,20.62,1005.17,0.0
3036,32.33,21.38,1006.12,0.0
3037,30.83,23.5,1006.96,0.0
3038,30.96,19.46,1007.08,0.0
3039,32.17,13.88,1008.08,0.0
3040,32.25,14.42,1006.88,0.0
3041,32.0,19.29,1006.92,0.2
3042,32.71,18.38,1005.92,0.3
3043,32.38,14.71,1008.38,0.0
3044,33.58,11.54,1008.71,0.0
3045,34.38,16.38,1007.08,0.4
3046,33.54,16.62,1008.83,0.0
3047,34.96,14.12,1007.29,0.0
3048,36.08,13.92,1006.88,0.0
3049,36.79,13.04,1006.46,0.7
3050,37.04,15.62,1005.96,2.3
3051,37.17,13.92,1004.0,1.1
3052,36.58,14.67,1004.83,0.0
3053,36.58,18.33,1006.46,0.0
3054,37.12,16.54,1006.5,0.0
3055,37.5,15.0,1005.33,0.0
3056,37.96,15.62,1003.38,0.0
3057,37.25,16.83,1001.62,0.0
3058,36.75,18.58,1001.42,0.2
3059,34.08,27.79,1003.0,0.0
3060,35.25,19.08,1003.38,0.0
3061,36.58,17.46,1003.38,0.0
3062,35.33,23.17,1002.5,0.0
3063,34.58,27.42,1002.33,1.0
3064,33.38,32.21,1005.54,0.0
3065,34.92,27.08,1005.04,0.0
3066,36.08,24.38,1002.79,0.0
3067,37.5,17.67,1001.67,0.0
3068,39.67,15.96,999.88,0.0
3069,40.0,15.21,998.62,0.0
3070,38.42,22.58,998.71,0.0
3071,35.71,30.0,999.0,0.4
3072,35.38,28.21,998.0,0.0
3073,35.5,28.83,999.75,0.9
3074,35.5,32.71,1002.25,0.0
3075,37.46,22.04,1002.08,0.0
3076,39.46,14.21,1000.29,0.0
3077,39.67,19.71,1000.46,0.0
3078,39.33,23.58,1001.25,0.0
3079,37.71,28.46,1002.25,0.0
3080,35.33,36.67,1004.33,0.1
3081,35.33,34.96,1003.29,0.3
3082,34.71,31.29,1002.29,0.3
3083,36.33,20.67,1001.08,0.0
3084,36.62,21.62,1000.38,0.1
3085,36.46,22.71,999.42,0.6
3086,36.71,23.62,999.54,0.6
3087,36.96,24.46,1002.17,0.0
3088,37.0,23.67,1001.46,0.0
3089,36.46,25.21,1000.46,0.0
3090,36.0,30.5,1000.58,0.0
3091,35.71,34.42,999.92,0.1
3092,36.12,35.08,998.54,0.3
3093,34.5,43.83,999.58,1.6
3094,32.79,48.0,1000.38,4.1
3095,32.62,47.5,1001.96,1.2
3096,32.96,44.29,1001.17,0.0
3097,33.83,40.38,998.71,0.9
3098,35.83,34.54,997.96,0.1
3099,36.96,33.75,998.67,0.3
3100,36.04,38.83,998.71,0.4
3101,32.71,54.83,1000.0,4.8
3102,31.25,61.33,999.29,1.2
3103,32.17,57.46,997.17,2.7
3104,32.21,57.58,996.71,5.5
3105,31.88,60.62,997.5,0.7
3106,31.46,63.17,998.79,4.2
3107,32.17,59.67,998.42,0.4
3108,32.5,52.46,999.42,0.0
3109,32.88,49.92,1000.58,0.5
3110,33.17,46.88,1001.88,0.0
3111,33.58,44.29,1001.75,0.0
3112,34.38,39.75,1001.54,0.0
3113,34.08,40.71,1001.46,0.0
3114,32.21,48.79,1001.46,0.0
3115,31.67,54.46,1001.92,0.0
3116,31.96,53.79,1000.46,0.0
3117,32.08,53.42,999.83,0.2
3118,32.71,53.12,999.71,0.0
3119,33.17,52.71,999.71,0.0
3120,33.71,50.29,1000.0,0.0
3121,33.17,52.38,1000.38,1.1
3122,34.21,46.71,999.38,0.0
3123,34.88,43.75,997.21,0.1
3124,33.04,51.42,997.75,1.1
3125,31.33,61.33,997.08,4.7
3126,30.33,67.38,996.21,9.0
3127,29.04,72.38,996.25,9.6
3128,29.38,67.12,996.92,0.2
3129,31.17,59.17,999.25,0.0
3130,32.33,54.46,1000.88,0.0
3131,31.25,58.62,1001.0,0.0
3132,29.42,71.79,1001.46,6.4
3133,28.88,71.58,1003.08,0.9
3134,29.29,69.17,1003.04,9.4
3135,29.83,66.29,1003.29,0.3
3136,29.92,61.29,1002.96,0.0
3137,30.25,60.0,1000.62,0.0
3138,30.29,57.58,999.75,0.0
3139,30.12,56.83,1001.38,0.0
3140,31.38,50.88,1002.29,0.0
3141,32.17,49.88,1003.0,0.0
3142,31.88,52.75,1002.75,0.0
3143,31.17,54.62,1002.21,0.0
3144,30.67,58.67,1001.88,0.0
3145,31.42,57.25,1001.58,0.0
3146,30.25,59.71,1001.92,0.0
3147,29.67,60.83,1003.71,0.0
3148,29.29,60.75,1006.12,0.5
3149,30.38,57.04,1005.0,0.0
3150,31.42,51.5,1003.0,0.0
3151,32.0,47.25,1001.71,0.0
3152,32.42,41.96,1001.92,0.0
3153,31.79,51.25,1002.88,0.4
3154,31.12,60.71,1002.58,1.0
3155,31.5,57.83,1001.46,1.0
3156,31.75,55.83,1002.08,2.6
3157,32.08,50.96,1003.62,0.0
3158,31.75,54.21,1003.04,0.0
3159,31.38,56.21,1001.58,1.7
3160,31.25,54.33,1000.54,2.7
3161,31.21,53.21,1000.67,0.0
3162,30.71,58.33,1000.67,0.4
3163,29.54,68.83,1000.29,1.7
3164,29.46,69.46,1001.75,2.5
3165,28.92,69.5,1003.96,11.2
3166,28.58,65.62,1005.08,0.0
3167,28.88,63.92,1004.79,2.5
3168,29.21,64.62,1005.33,0.1
3169,29.83,60.92,1006.92,0.0
3170,29.38,58.42,1007.17,0.0
3171,29.0,58.33,1006.83,0.2
3172,29.75,56.04,1007.29,1.2
3173,30.88,47.83,1007.38,0.0
3174,31.67,42.5,1005.79,0.0
3175,32.25,43.21,1006.46,0.0
3176,32.08,45.88,1007.96,0.4
3177,30.5,56.62,1008.25,2.2
3178,30.83,54.71,1007.62,1.1
3179,31.17,49.08,1007.0,0.7
3180,31.21,47.25,1006.38,0.5
3181,30.75,41.88,1006.0,0.0
3182,31.29,37.58,1005.79,0.0
3183,31.54,26.79,1004.92,0.0
3184,31.5,24.33,1004.17,0.0
3185,31.42,36.46,1003.46,0.0
3186,30.54,54.08,1002.88,0.5
3187,28.33,65.38,1004.12,1.1
3188,30.29,45.42,1006.21,1.0
3189,30.71,41.62,1007.96,0.0
3190,30.88,36.79,1006.92,0.0
3191,30.5,35.62,1007.67,0.0
3192,31.0,33.62,1007.88,0.0
3193,31.21,24.12,1006.67,0.0
3194,30.88,22.71,1006.67,0.0
3195,31.0,22.38,1008.46,0.0
3196,30.83,23.08,1008.12,0.0
3197,31.17,25.54,1007.5,0.0
3198,30.88,22.83,1008.25,0.0
3199,30.17,23.67,1009.33,0.0
3200,29.62,26.83,1009.5,0.0
3201,25.12,37.46,1009.88,0.0
3202,29.42,18.96,1008.67,0.0
3203,29.54,22.33,1007.75,0.0
3204,30.0,26.92,1007.67,0.0
3205,30.17,28.12,1007.25,0.0
3206,29.96,28.71,1007.54,0.0
3207,28.92,28.29,1007.5,0.0
3208,29.62,21.29,1006.12,0.0
3209,29.96,18.04,1005.92,0.0
3210,30.08,18.42,1006.33,0.0
3211,29.62,15.5,1007.0,0.0
3212,28.96,13.12,1008.25,0.0
3213,28.25,15.75,1009.38,0.0
3214,28.0,27.62,1009.21,0.0
3215,29.54,32.12,1008.5,0.0
3216,29.0,23.38,1007.42,0.0
3217,28.38,19.46,1007.17,0.0
3218,27.62,15.42,1009.54,0.0
3219,27.25,13.42,1012.38,0.0
3220,26.17,16.0,1014.0,0.0
3221,26.38,20.0,1013.96,0.0
3222,26.83,25.12,1013.08,0.0
3223,27.33,18.62,1013.17,0.0
3224,26.29,24.21,1014.96,0.0
3225,25.79,25.33,1014.96,0.0
3226,25.29,24.75,1013.62,0.0
3227,25.58,21.58,1014.29,0.0
3228,26.21,21.21,1013.46,0.0
3229,25.67,25.96,1013.46,0.0
3230,24.88,35.17,1015.46,0.0
3231,23.79,41.5,1015.71,0.0
3232,23.83,35.75,1015.21,0.0
3233,24.25,29.92,1014.67,0.0
3234,24.0,29.04,1014.42,0.0
3235,24.04,28.04,1013.54,0.0
3236,23.62,26.38,1014.38,0.0
3237,23.38,27.04,1015.12,0.0
3238,23.0,27.79,1012.83,0.0
3239,22.67,28.54,1010.96,0.0
3240,22.83,29.17,1010.5,0.0
3241,23.08,34.54,1011.54,0.0
3242,23.21,36.92,1013.58,0.0
3243,22.08,35.92,1014.5,0.4
3244,21.54,39.33,1015.88,0.0
3245,20.5,29.08,1017.21,0.0
3246,18.92,20.38,1018.29,0.0
3247,18.25,20.5,1016.58,0.0
3248,18.5,18.67,1015.42,0.0
3249,18.04,15.33,1014.38,0.0
3250,18.58,14.12,1015.96,0.0
3251,19.0,14.25,1016.33,0.0
3252,20.08,15.71,1017.17,0.0
3253,19.92,18.96,1014.83,0.0
3254,19.5,23.29,1013.96,0.0
3255,20.33,28.75,1015.38,0.0
3256,20.79,29.12,1015.46,0.0
3257,19.5,31.08,1015.58,0.0
3258,19.04,32.42,1016.58,0.0
3259,19.42,33.04,1016.42,0.0
3260,20.0,31.12,1014.79,0.0
3261,20.29,38.42,1015.46,0.0
3262,18.75,31.96,1015.42,0.0
3263,19.5,24.58,1015.96,0.0
3264,17.75,20.67,1016.46,0.0
3265,18.29,32.79,1015.08,0.0
3266,19.46,38.75,1015.5,0.0
3267,19.62,47.71,1013.71,3.9
3268,16.62,55.46,1015.67,0.1
3269,15.79,49.38,1018.33,0.0
3270,16.04,42.42,1020.25,0.0
3271,16.33,34.75,1021.71,0.0
3272,15.96,26.96,1023.08,0.0
3273,16.38,19.92,1023.04,0.0
3274,18.17,16.42,1021.88,0.0
3275,18.92,17.71,1020.88,0.0
3276,18.96,21.0,1021.33,0.0
3277,18.92,25.96,1021.5,0.0
3278,18.17,27.46,1020.17,0.0
3279,17.33,30.04,1016.62,0.0
3280,16.46,32.71,1016.0,0.0
3281,16.54,31.12,1018.25,0.0
3282,16.04,31.71,1018.0,0.0
3283,16.38,32.79,1017.42,0.0
3284,16.67,37.46,1017.75,0.0
3285,16.58,39.88,1018.04,0.0
3286,16.12,39.88,1017.83,0.0
3287,15.17,37.92,1016.25,0.0
3288,14.67,40.12,1014.58,0.0
3289,13.67,33.88,1015.42,0.0
3290,13.17,39.08,1015.96,0.0
3291,14.08,40.12,1015.46,0.0
3292,13.92,38.04,1014.83,0.0
3293,14.71,41.33,1014.5,0.0
3294,14.62,34.25,1016.29,0.0
3295,13.04,31.38,1018.12,0.0
3296,13.71,30.33,1019.71,0.0
3297,14.75,24.96,1019.62,0.0
3298,15.67,19.12,1018.08,0.0
3299,16.54,28.54,1016.58,0.0
3300,17.71,36.46,1016.29,0.0
3301,17.0,31.58,1016.79,0.0
3302,16.04,25.42,1016.92,0.0
3303,15.96,30.58,1014.08,0.0
3304,17.25,39.21,1014.25,0.0
3305,17.92,43.71,1015.5,0.0
3306,17.62,45.75,1016.88,0.0
3307,15.79,28.75,1015.75,0.0
3308,15.5,28.0,1014.5,0.0
3309,17.54,42.54,1012.08,0.0
3310,17.46,35.58,1010.12,0.0
3311,14.62,40.08,1014.25,0.0
3312,14.08,48.62,1014.04,0.0
3313,15.62,33.88,1014.29,0.0
3314,15.21,41.0,1014.46,0.0
3315,16.33,43.42,1015.17,0.0
3316,17.75,43.04,1016.58,0.0
3317,19.38,31.42,1016.75,0.0
3318,19.79,33.58,1016.08,0.0
3319,20.17,33.92,1015.29,0.0
3320,19.75,30.75,1013.75,0.0
3321,17.92,31.08,1016.21,0.0
3322,16.58,25.25,1017.08,0.0
3323,18.25,27.04,1018.33,0.0
3324,19.38,24.29,1018.12,0.1
3325,17.83,20.62,1015.92,0.0
3326,16.96,28.0,1014.29,0.0
3327,16.42,32.71,1014.58,0.0
3328,17.92,28.25,1015.71,0.0
3329,18.58,42.42,1014.71,0.1
3330,18.42,47.96,1016.75,0.0
3331,17.67,48.17,1022.46,0.0
3332,17.67,39.67,1023.0,0.0
3333,19.5,35.67,1020.83,0.0
3334,19.79,36.42,1018.88,0.0
3335,20.96,31.79,1013.92,0.0
3336,20.21,40.25,1012.67,0.0
3337,21.42,32.46,1013.75,0.0
3338,22.33,29.75,1013.33,0.0
3339,24.58,27.46,1011.29,0.0
3340,24.88,25.46,1010.33,0.0
3341,24.83,27.79,1010.25,0.0
3342,24.71,31.54,1012.62,0.2
3343,24.17,32.17,1015.96,0.3
3344,23.17,35.0,1014.67,0.0
3345,24.79,29.96,1013.62,0.0
3346,24.92,32.29,1013.17,0.0
3347,25.17,32.62,1011.29,0.0
3348,25.46,25.71,1010.54,0.0
3349,25.75,24.92,1008.46,0.0
3350,24.46,34.38,1009.62,0.0
3351,22.83,30.92,1013.79,0.0
3352,22.58,22.04,1014.88,0.0
3353,23.17,23.92,1013.62,0.0
3354,24.54,21.08,1013.58,0.0
3355,25.46,21.04,1013.5,0.0
3356,26.12,22.5,1012.83,0.0
3357,25.83,21.42,1012.54,0.0
3358,26.46,20.5,1012.21,0.0
3359,27.33,17.04,1010.46,0.0
3360,26.29,18.42,1009.08,0.0
3361,26.08,24.79,1009.5,0.0
3362,25.46,18.92,1009.88,0.0
3363,25.17,17.67,1011.5,0.0
3364,25.79,17.92,1012.83,0.0
3365,27.29,16.62,1013.83,0.0
3366,27.75,25.62,1010.88,0.0
3367,26.25,19.42,1009.42,0.0
3368,24.75,27.46,1010.38,0.0
3369,24.25,30.42,1011.67,0.0
3370,25.92,23.12,1014.42,0.0
3371,27.54,18.58,1015.42,0.0
3372,27.58,12.96,1013.54,0.0
3373,29.33,9.17,1009.75,0.0
3374,30.42,9.38,1008.75,0.0
3375,29.96,8.75,1008.67,0.0
3376,30.0,9.38,1006.38,0.0
3377,29.92,10.54,1006.54,0.0
3378,29.62,21.25,1008.17,0.0
3379,31.12,21.25,1008.88,0.0
3380,31.88,14.38,1007.96,0.0
3381,32.88,11.79,1005.58,0.0
3382,32.58,13.92,1004.38,0.0
3383,31.62,24.79,1006.29,0.0
3384,30.71,28.5,1008.17,0.0
3385,31.62,23.83,1008.08,0.0
3386,31.88,24.21,1009.08,0.4
3387,31.25,22.67,1008.21,0.0
3388,31.5,24.46,1007.62,0.4
3389,30.12,30.29,1007.92,0.1
3390,30.88,22.21,1009.08,0.0
3391,32.62,15.88,1007.88,0.1
3392,33.29,16.42,1007.21,0.2
3393,33.54,15.75,1007.92,0.0
3394,33.58,13.88,1009.33,0.0
3395,33.17,12.92,1008.54,0.0
3396,33.92,13.29,1004.79,0.0
3397,33.0,12.29,1004.62,0.0
3398,30.17,9.17,1008.71,0.0
3399,29.79,12.71,1010.0,0.0
3400,31.04,10.75,1009.25,0.0
3401,32.79,7.75,1007.5,0.0
3402,34.33,8.21,1004.75,0.0
3403,35.5,11.04,1003.42,0.0
3404,36.42,11.96,1004.83,0.0
3405,37.0,13.04,1004.46,0.0
3406,36.5,14.67,1002.08,0.0
3407,37.17,14.29,1000.67,0.0
3408,36.62,15.79,1002.46,0.0
3409,36.46,17.38,1003.71,0.0
3410,36.12,17.04,1005.04,0.0
3411,35.25,22.67,1005.17,0.0
3412,36.38,16.62,1005.5,0.0
3413,36.38,13.08,1005.71,0.0
3414,35.0,12.92,1005.0,0.0
3415,32.29,25.83,1005.79,0.0
3416,33.33,23.42,1006.96,0.0
3417,35.42,16.5,1007.38,0.0
3418,37.25,13.54,1004.83,0.0
3419,37.46,11.42,1004.04,0.0
3420,36.46,11.12,1003.88,0.0
3421,36.29,13.08,1004.62,0.0
3422,35.92,18.83,1003.08,0.0
3423,36.21,15.83,1002.96,0.0
3424,36.75,12.79,1002.79,0.0
3425,36.04,13.67,1001.83,0.0
3426,36.29,14.71,1002.29,0.0
3427,36.88,16.04,1003.75,0.0
3428,37.67,11.46,1004.04,0.0
3429,38.58,9.88,1002.83,0.0
3430,38.62,9.5,1001.29,0.0
3431,38.08,9.29,1001.46,0.0
3432,37.17,10.79,1002.21,0.0
3433,37.75,7.75,1001.38,0.0
3434,37.71,5.17,1000.92,0.0
3435,37.88,5.83,998.38,0.0
3436,38.75,9.83,997.62,0.0
3437,37.25,21.0,999.12,0.0
3438,37.38,22.29,1000.83,0.0
3439,39.0,11.58,1001.04,0.0
3440,38.42,16.88,1001.71,0.0
3441,38.96,14.46,999.38,0.0
3442,38.5,17.04,998.79,0.0
3443,38.75,22.04,1000.58,0.0
3444,38.0,28.08,1001.88,0.3
3445,38.83,24.33,998.17,0.0
3446,38.96,25.21,995.42,0.0
3447,36.25,37.42,994.79,1.6
3448,35.58,39.67,996.58,2.3
3449,36.83,33.5,995.62,2.3
3450,38.21,29.79,993.5,0.0
3451,37.33,29.75,994.79,0.0
3452,35.96,33.33,996.62,0.0
3453,36.12,30.88,997.92,0.0
3454,35.79,33.12,999.67,0.0
3455,35.92,33.92,999.75,0.0
3456,35.92,35.75,1000.0,0.0
3457,37.04,28.29,1000.25,0.0
3458,37.96,24.79,1000.54,0.0
3459,38.17,21.75,1000.38,0.0
3460,39.04,20.96,999.33,0.0
3461,39.33,22.0,999.0,0.0
3462,38.33,26.79,998.54,0.0
3463,35.33,32.83,997.12,3.9
3464,33.83,42.88,997.25,0.5
3465,31.88,53.75,998.42,9.1
3466,31.38,57.67,998.88,6.6
3467,31.71,56.29,998.92,7.7
3468,32.67,52.0,1000.79,1.3
3469,33.46,48.38,1000.62,0.3
3470,33.46,47.25,998.54,0.0
3471,33.96,46.54,997.54,0.0
3472,33.0,51.0,998.33,0.0
3473,33.58,46.33,1000.12,0.0
3474,34.46,41.12,999.83,0.0
3475,36.0,31.58,998.83,0.0
3476,37.67,29.12,997.21,0.0
3477,38.17,28.21,996.71,0.0
3478,37.17,36.88,996.83,0.0
3479,35.08,43.33,996.83,0.9
3480,33.58,49.46,996.96,6.8
3481,31.0,62.25,998.08,10.7
3482,31.38,61.08,996.92,6.8
3483,31.96,59.0,996.5,3.1
3484,33.0,56.88,996.96,4.8
3485,32.38,60.42,997.25,11.5
3486,32.58,57.5,998.25,0.7
3487,29.71,69.83,998.71,15.6
3488,30.29,65.54,998.17,5.3
3489,29.5,72.54,998.75,14.0
3490,28.0,78.96,998.96,18.1
3491,28.88,74.04,998.92,0.7
3492,29.62,73.04,999.62,16.5
3493,28.17,80.46,999.88,17.2
3494,28.71,70.12,1000.0,0.0
3495,29.38,68.5,999.21,0.9
3496,29.58,66.12,1000.33,0.0
3497,30.21,62.79,1000.67,0.0
3498,30.21,61.62,1000.42,0.0
3499,30.79,57.04,999.5,0.0
3500,31.17,53.83,999.88,0.0
3501,30.92,56.92,1001.54,0.0
3502,30.83,55.5,1001.83,0.0
3503,29.75,59.0,1001.25,0.0
3504,29.96,60.96,1000.92,0.0
3505,29.21,63.17,1000.33,0.0
3506,29.46,63.96,999.96,1.5
3507,28.67,73.08,1000.88,15.3
3508,30.46,66.58,1002.75,2.1
3509,31.58,60.54,1002.54,0.7
3510,31.33,57.17,1000.08,0.0
3511,29.25,64.46,997.88,0.1
3512,29.46,64.42,998.71,1.2
3513,30.71,62.0,999.71,3.8
3514,30.88,62.0,1001.46,0.7
3515,30.62,63.12,1001.58,1.4
3516,31.17,64.33,999.33,1.5
3517,32.0,59.96,999.17,0.0
3518,31.83,60.25,999.83,3.9
3519,30.0,70.46,1001.54,9.4
3520,30.12,69.12,1000.58,7.7
3521,29.88,70.71,1000.67,11.3
3522,26.79,83.21,1002.71,6.6
3523,28.29,73.71,1002.42,2.9
3524,28.79,66.83,1001.54,0.0
3525,29.25,63.62,1000.58,0.0
3526,29.58,62.46,1001.71,0.6
3527,29.92,65.88,1001.96,5.3
3528,29.29,72.29,1003.04,9.5
3529,30.29,62.67,1002.04,2.0
3530,29.5,65.46,1002.88,2.2
3531,27.71,71.17,1004.5,0.3
3532,26.38,76.08,1004.29,2.5
3533,27.79,69.46,1004.25,2.5
3534,28.38,64.29,1005.0,1.8
3535,28.38,61.46,1004.38,0.2
3536,27.79,61.46,1004.17,2.0
3537,28.12,62.5,1004.88,0.6
3538,27.0,77.54,1003.75,8.8
3539,24.71,88.0,1005.62,0.8
3540,26.12,80.04,1009.17,0.0
3541,26.42,78.21,1008.46,0.9
3542,28.33,67.38,1006.0,0.0
3543,27.46,66.33,1006.25,0.0
3544,27.33,62.25,1008.33,0.0
3545,27.92,56.46,1009.33,0.0
3546,28.75,46.46,1008.08,0.0
3547,29.25,44.29,1006.62,0.0
3548,29.75,37.62,1006.83,0.0
3549,29.96,37.75,1006.5,0.0
3550,30.29,35.67,1006.42,0.0
3551,28.04,61.88,1007.21,0.9
3552,24.71,84.54,1007.04,9.7
3553,24.54,89.62,1006.29,10.9
3554,26.25,77.12,1007.33,6.5
3555,28.04,58.75,1008.79,0.0
3556,28.62,50.58,1008.62,0.0
3557,28.79,41.62,1009.29,0.0
3558,28.62,36.33,1010.29,0.0
3559,28.83,35.71,1010.88,0.0
3560,29.58,34.75,1010.29,0.0
3561,29.88,35.17,1009.92,0.0
3562,30.21,35.92,1010.5,0.0
3563,30.12,34.04,1009.83,0.0
3564,30.38,32.79,1010.79,0.0
3565,30.42,29.96,1011.71,0.0
3566,29.79,31.25,1011.42,0.0
3567,29.12,34.38,1010.54,0.0
3568,29.58,28.17,1008.71,0.0
3569,29.88,26.46,1008.46,0.0
3570,29.58,26.62,1008.62,0.0
3571,28.29,35.46,1010.33,0.0
3572,27.04,41.67,1012.38,0.0
3573,26.88,31.5,1013.17,0.0
3574,26.83,32.62,1012.21,0.0
3575,27.67,25.08,1012.29,0.0
3576,28.96,25.04,1011.96,0.0
3577,28.75,25.0,1010.79,0.0
3578,28.08,21.5,1010.79,0.0
3579,27.25,25.71,1012.25,0.0
3580,27.58,26.17,1013.67,0.0
3581,26.67,28.83,1014.79,0.0
3582,25.88,19.71,1014.33,0.0
3583,25.79,20.75,1013.75,0.0
3584,26.33,27.08,1012.5,0.0
3585,27.29,27.04,1014.17,0.0
3586,26.75,31.21,1016.04,0.0
3587,26.46,32.58,1016.54,0.0
3588,25.96,31.12,1016.46,0.0
3589,25.29,28.29,1015.96,0.0
3590,25.12,30.17,1015.75,0.0
3591,25.71,33.5,1015.88,0.0
3592,26.29,32.42,1014.62,0.0
3593,26.33,29.62,1013.29,0.0
3594,26.46,30.38,1012.38,0.0
3595,24.17,31.38,1014.71,0.0
3596,21.5,25.83,1015.92,0.0
3597,21.5,23.92,1016.12,0.0
3598,21.38,14.83,1015.92,0.0
3599,21.5,17.38,1015.25,0.0
3600,22.21,21.54,1013.67,0.0
3601,22.96,22.54,1014.58,0.0
3602,23.5,25.17,1014.96,0.0
3603,24.96,24.75,1012.58,0.0
3604,25.67,29.92,1010.46,0.0
3605,25.04,40.5,1011.71,0.0
3606,23.5,33.58,1015.62,0.0
3607,21.83,29.79,1015.12,0.0
3608,21.54,31.04,1012.96,0.0
3609,23.29,28.75,1013.29,0.0
3610,23.83,30.42,1015.21,0.0
3611,23.71,32.38,1016.58,0.0
3612,22.42,30.96,1017.0,0.0
3613,22.71,37.62,1017.12,0.0
3614,22.54,34.88,1019.29,0.0
3615,21.62,24.0,1018.38,0.0
3616,21.5,25.5,1017.08,0.0
3617,21.62,28.42,1016.08,0.0
3618,21.58,35.79,1017.33,0.0
3619,20.21,41.83,1018.5,0.0
3620,19.54,46.88,1019.54,0.0
3621,20.12,40.12,1019.12,0.0
3622,19.62,30.04,1016.08,0.0
3623,18.79,33.54,1014.83,0.0
3624,18.29,35.96,1016.0,0.0
3625,17.92,40.21,1017.25,0.0
3626,17.71,40.75,1015.08,0.0
3627,17.88,39.12,1014.71,0.0
3628,17.75,38.58,1015.33,0.0
3629,17.29,39.62,1016.08,0.0
3630,17.29,40.54,1015.04,0.0
3631,17.38,40.42,1014.62,0.0
3632,18.54,41.08,1015.54,0.1
3633,17.75,52.67,1016.75,0.1
3634,15.58,54.62,1021.0,0.0
3635,14.17,47.21,1023.46,0.0
3636,14.17,40.58,1023.0,0.0
3637,14.83,34.58,1022.33,0.0
3638,14.92,29.17,1021.04,0.0
3639,14.62,21.79,1019.38,0.0
3640,14.96,19.83,1018.29,0.0
3641,14.88,28.5,1018.33,0.0
3642,15.58,34.12,1017.33,0.0
3643,14.92,39.71,1017.21,0.0
3644,14.96,42.92,1017.71,0.0
3645,15.33,37.96,1017.54,0.0
3646,14.71,34.92,1017.54,0.0
3647,14.25,28.29,1016.42,0.0
3648,13.83,23.33,1017.96,0.0
3649,12.46,22.21,1018.42,0.0
3650,12.58,23.17,1019.71,0.0
3651,13.58,28.92,1021.29,0.0
3652,14.33,28.58,1021.29,0.0
3653,17.67,30.21,1019.79,0.0
3654,18.62,37.92,1019.79,0.0
3655,17.75,37.83,1021.58,0.0
3656,16.29,35.79,1019.38,0.0
3657,16.5,44.46,1017.08,0.0
3658,15.46,58.12,1017.71,0.0
3659,15.42,52.54,1019.96,0.0
3660,15.25,44.67,1018.33,0.0
3661,16.25,34.58,1018.42,0.0
3662,15.83,32.92,1017.0,0.0
3663,15.96,37.79,1018.12,0.0
3664,16.0,47.0,1018.0,0.0
3665,16.12,50.21,1019.75,0.0
3666,14.96,43.0,1020.75,0.0
3667,15.12,26.62,1018.88,0.0
3668,15.75,29.33,1017.33,0.0
3669,18.38,40.75,1016.67,0.0
3670,18.29,39.54,1017.42,0.0
3671,17.96,41.67,1016.79,0.0
3672,19.42,39.54,1015.79,0.0
3673,20.29,40.83,1011.67,1.5
3674,17.0,50.88,1013.17,0.4
3675,16.25,54.54,1017.08,0.0
3676,15.38,60.62,1019.96,1.2
3677,14.29,57.29,1020.12,0.0
3678,14.04,39.5,1023.38,0.0
3679,13.42,31.88,1023.75,0.0
3680,14.33,29.83,1023.54,0.0
3681,14.88,23.21,1021.71,0.0
3682,14.96,28.62,1019.17,0.0
3683,16.75,35.17,1016.67,0.0
3684,16.21,45.62,1017.92,0.0
3685,17.12,50.33,1019.42,0.0
3686,18.12,44.04,1020.25,0.0
3687,18.79,43.92,1020.17,0.0
3688,19.25,46.38,1017.0,0.4
3689,21.58,51.25,1011.83,0.2
3690,19.42,46.67,1008.88,0.0
3691,16.29,42.54,1015.58,0.0
3692,17.12,31.62,1019.38,0.0
3693,15.42,37.92,1020.17,0.0
3694,15.92,38.25,1020.79,0.0
3695,18.75,39.12,1020.29,0.0
3696,20.62,40.08,1018.67,0.0
3697,21.88,50.08,1013.92,6.2
3698,19.58,54.62,1015.38,0.0
3699,17.58,44.17,1018.0,0.0
3700,17.67,40.96,1015.0,0.0
3701,20.33,34.54,1009.96,0.0
3702,22.0,44.58,1012.38,0.0
3703,22.04,52.92,1015.92,0.0
3704,23.46,51.17,1015.42,0.0
3705,21.79,46.5,1017.46,0.3
3706,19.58,28.62,1017.0,0.0
3707,21.12,20.88,1012.62,0.0
3708,20.54,24.92,1011.79,0.0
3709,15.58,46.17,1011.04,2.6
3710,16.38,53.04,1011.17,2.6
3711,18.58,42.88,1015.5,0.0
3712,19.46,33.42,1016.08,0.0
3713,18.29,45.04,1014.42,0.4
3714,20.08,58.04,1010.79,7.5
3715,20.25,53.5,1009.71,0.0
3716,20.67,40.42,1011.58,0.0
3717,21.54,27.42,1013.21,0.0
3718,22.21,27.96,1012.88,0.0
3719,22.58,30.21,1013.21,0.0
3720,22.17,36.0,1014.04,0.0
3721,23.71,30.42,1014.54,0.0
3722,24.25,27.04,1013.0,0.0
3723,23.25,25.58,1015.62,0.0
3724,20.33,42.38,1016.29,0.3
3725,20.42,48.21,1016.08,0.6
3726,22.0,36.29,1018.38,0.0
3727,22.54,26.54,1017.21,0.0
3728,24.21,23.42,1015.25,0.0
3729,24.71,20.33,1014.33,0.0
3730,26.62,19.38,1010.58,0.0
3731,28.04,18.04,1008.75,0.0
3732,27.04,22.67,1012.17,0.0
3733,26.46,18.21,1015.38,0.0
3734,27.08,19.75,1014.5,0.0
3735,28.83,25.12,1012.17,0.0
3736,27.08,30.38,1012.12,0.0
3737,27.5,22.08,1014.54,0.0
3738,30.04,15.75,1014.5,0.0
3739,32.29,16.5,1012.08,0.0
3740,33.96,16.21,1009.0,0.0
3741,34.33,14.75,1007.04,0.0
3742,32.08,14.46,1008.83,0.0
3743,31.92,10.54,1009.96,0.0
3744,32.12,11.58,1009.71,0.0
3745,33.83,10.58,1008.75,0.0
3746,34.04,12.0,1008.88,0.0
3747,35.71,13.29,1007.83,0.5
3748,34.46,16.04,1007.33,0.3
3749,34.58,14.5,1005.29,0.0
3750,34.25,16.46,1005.25,2.2
3751,34.21,14.38,1005.88,0.0
3752,34.88,16.21,1007.46,0.8
3753,35.42,16.46,1007.21,0.2
3754,35.12,14.92,1007.54,0.0
3755,35.08,15.25,1008.08,0.0
3756,34.75,16.08,1008.5,0.0
3757,34.58,18.29,1007.62,0.4
3758,28.42,43.75,1008.75,42.1
3759,25.54,43.92,1010.0,64.7
3760,26.75,42.04,1011.33,0.0
3761,28.58,31.38,1010.42,0.0
3762,30.79,25.71,1007.38,0.0
3763,33.42,19.96,1006.08,0.0
3764,35.38,17.04,1005.79,0.0
3765,37.0,14.5,1006.38,0.0
3766,37.0,12.96,1007.21,0.0
3767,36.21,12.42,1007.33,0.0
3768,36.62,13.71,1007.0,0.0
3769,37.12,12.17,1006.62,0.0
3770,37.75,11.42,1005.71,0.0
3771,37.67,10.88,1004.17,0.0
3772,36.58,12.42,1001.5,0.0
3773,35.88,11.62,1000.92,0.0
3774,36.67,11.08,1001.38,0.0
3775,34.96,17.04,1003.75,0.0
3776,35.17,13.67,1006.04,0.0
3777,36.04,8.38,1007.58,0.0
3778,36.21,7.5,1005.83,0.0
3779,36.42,11.17,1004.33,0.0
3780,36.25,14.12,1004.54,0.0
3781,35.08,16.25,1004.42,0.0
3782,34.5,16.83,1004.79,0.0
3783,34.62,23.67,1005.96,0.9
3784,34.67,24.88,1005.96,15.6
3785,35.46,20.38,1004.08,0.2
3786,34.46,25.71,1004.58,7.2
3787,36.58,19.58,1004.88,0.0
3788,34.71,25.42,1006.5,0.0
3789,34.54,22.17,1006.21,0.5
3790,32.71,31.29,1006.83,1.6
3791,35.12,21.96,1007.29,0.0
3792,35.62,20.96,1007.79,0.0
3793,36.25,23.04,1006.29,0.0
3794,36.33,23.5,1004.54,0.0
3795,37.5,23.38,1003.08,2.7
3796,36.92,22.42,1003.88,0.4
3797,36.33,18.83,1004.38,0.0
3798,37.5,15.62,1002.96,0.0
3799,38.38,13.38,1003.21,0.0
3800,39.17,13.38,1003.08,0.0
3801,39.88,11.83,1001.67,0.0
3802,39.83,11.88,1000.67,0.0
3803,39.33,16.12,1000.83,0.0
3804,40.25,13.21,1000.38,0.0
3805,40.79,12.79,999.58,0.0
3806,41.04,11.62,999.17,0.0
3807,40.71,12.38,999.92,0.0
3808,40.42,17.92,1000.29,0.0
3809,40.29,13.92,1000.79,0.0
3810,41.0,12.25,1001.88,0.0
3811,42.0,8.33,1000.79,0.0
3812,42.29,9.83,999.12,0.0
3813,41.12,12.96,997.54,0.0
3814,40.29,17.83,997.33,0.3
3815,38.88,19.08,998.38,0.3
3816,35.88,26.58,999.67,0.0
3817,34.75,34.54,999.92,4.9
3818,34.0,37.29,1000.62,0.0
3819,33.67,44.67,1001.38,3.0
3820,34.38,38.96,1000.62,1.3
3821,30.62,54.62,1000.42,5.7
3822,29.79,57.12,1000.29,0.0
3823,32.88,40.42,1001.0,0.0
3824,34.54,38.33,1001.17,0.0
3825,37.17,27.12,1000.29,0.0
3826,37.75,26.12,999.25,0.0
3827,36.46,36.29,1000.79,0.0
3828,37.04,33.46,1000.88,0.0
3829,38.29,24.71,999.33,0.0
3830,36.83,31.04,997.67,0.0
3831,35.62,34.96,997.04,2.6
3832,36.67,32.46,996.71,0.0
3833,34.54,35.79,997.42,0.5
3834,35.29,38.33,997.5,0.2
3835,36.5,33.62,997.29,0.0
3836,36.29,32.04,996.88,0.0
3837,36.83,35.17,996.46,3.2
3838,31.38,58.12,995.83,7.7
3839,33.08,51.25,994.67,0.2
3840,32.17,55.96,995.29,10.3
3841,32.58,59.21,996.25,10.4
3842,32.79,55.88,995.5,4.5
3843,33.29,50.5,995.67,0.7
3844,33.38,47.46,996.62,0.0
3845,32.71,48.83,998.79,0.0
3846,33.33,46.83,999.5,0.0
3847,33.0,48.08,998.12,0.0
3848,32.54,50.21,997.29,0.0
3849,32.0,51.29,999.46,0.1
3850,31.92,55.17,1000.88,10.4
3851,31.12,57.71,1000.62,11.3
3852,30.83,55.33,1001.04,7.8
3853,33.17,49.79,1000.92,0.9
3854,34.71,44.38,1000.04,0.0
3855,35.54,43.88,999.17,1.4
3856,35.75,43.54,998.83,1.0
3857,31.79,62.12,998.25,67.2
3858,26.83,82.08,999.08,85.7
3859,25.62,86.17,997.54,47.6
3860,27.04,80.71,996.58,40.3
3861,30.0,71.38,997.38,41.0
3862,30.96,67.25,998.42,16.8
3863,31.38,61.46,998.83,0.0
3864,31.92,60.17,998.29,0.3
3865,30.71,65.25,998.12,4.6
3866,31.46,63.17,997.29,16.3
3867,32.12,62.21,997.29,10.9
3868,32.08,60.92,996.5,1.4
3869,31.88,62.75,995.29,11.0
3870,27.54,78.83,996.29,24.8
3871,30.08,69.29,994.96,4.4
3872,31.29,64.46,994.25,9.7
3873,28.92,70.54,995.08,0.8
3874,27.79,77.71,996.62,4.9
3875,28.62,74.17,999.46,1.4
3876,29.67,71.0,1000.25,29.5
3877,28.58,68.08,1000.38,3.9
3878,28.25,75.38,1000.67,8.2
3879,29.21,72.5,999.33,20.6
3880,26.75,82.42,997.33,5.3
3881,25.62,87.21,999.25,14.6
3882,28.38,77.04,1003.04,7.1
3883,29.88,66.96,1004.46,3.6
3884,31.08,57.75,1003.96,0.0
3885,30.92,56.25,1002.79,0.0
3886,30.33,56.62,1002.88,0.0
3887,31.0,53.67,1002.75,0.0
3888,31.75,48.5,1002.38,0.0
3889,30.08,58.92,1002.29,0.1
3890,29.42,69.79,1001.79,8.9
3891,29.42,71.75,1001.46,6.2
3892,30.58,69.17,1001.71,16.7
3893,28.83,70.92,1003.0,10.0
3894,31.0,62.96,1001.21,6.8
3895,32.08,60.96,999.12,16.7
3896,31.54,64.67,1000.08,9.8
3897,31.75,64.71,1000.79,2.0
3898,32.33,62.08,1000.46,5.7
3899,32.08,61.04,999.42,1.9
3900,31.75,63.5,999.33,1.6
3901,31.75,62.88,998.5,0.0
3902,31.62,63.33,998.25,1.4
3903,30.79,66.67,1000.12,2.4
3904,32.33,59.79,999.96,0.0
3905,32.83,52.92,999.58,0.0
3906,32.92,53.62,1001.29,0.0
3907,32.5,60.17,1002.0,0.8
3908,29.04,73.33,1002.96,10.8
3909,30.17,68.88,1003.33,1.3
3910,29.71,69.88,1004.21,1.0
3911,9.46,61.33,1003.25,0.0
3912,29.29,57.42,1003.46,0.0
3913,30.62,59.46,1006.25,0.2
3914,28.12,70.5,1008.54,1.7
3915,28.12,69.46,1007.58,0.0
3916,28.42,68.92,1006.75,7.3
3917,27.62,71.62,1008.17,10.5
3918,26.67,73.42,1009.5,0.0
3919,26.75,75.12,1009.83,0.6
3920,27.83,71.54,1010.33,0.0
3921,27.08,76.46,1010.75,4.4
3922,27.42,74.38,1009.62,0.2
3923,26.71,74.92,1008.21,0.0
3924,27.92,68.71,1008.58,1.8
3925,28.17,63.58,1008.04,1.9
3926,28.62,60.67,1007.12,0.0
3927,29.17,56.42,1008.71,0.0
3928,29.42,54.29,1009.17,2.4
3929,28.83,51.25,1009.71,0.5
3930,29.0,48.92,1010.21,0.0
3931,29.21,49.08,1010.62,1.3
3932,28.96,46.0,1012.17,0.5
3933,29.17,38.04,1012.08,0.0
3934,29.62,31.29,1010.75,0.0
3935,28.75,31.33,1010.58,0.0
3936,29.12,32.67,1010.46,0.0
3937,29.0,31.88,1011.25,0.0
3938,29.08,31.08,1011.71,0.0
3939,29.88,27.58,1012.33,0.0
3940,29.54,32.12,1013.04,0.0
3941,29.29,34.21,1013.08,0.0
3942,28.46,38.79,1012.75,0.0
3943,28.38,41.92,1012.96,0.0
3944,27.62,45.12,1014.12,0.0
3945,28.29,37.38,1014.21,0.0
3946,28.33,33.04,1012.88,0.0
3947,29.38,22.21,1010.42,0.0
3948,28.83,20.88,1009.29,0.0
3949,27.88,27.96,1010.29,0.0
3950,26.38,32.75,1011.29,0.0
3951,25.83,40.29,1012.79,0.0
3952,27.08,38.08,1013.12,0.0
3953,27.75,31.42,1013.12,0.0
3954,27.46,32.33,1013.67,0.0
3955,26.71,37.04,1012.54,0.2
3956,28.33,46.04,1011.54,0.0
3957,28.5,38.96,1011.33,0.0
3958,28.0,37.25,1012.29,0.0
3959,26.88,50.0,1014.04,0.9
3960,26.88,38.88,1014.29,0.3
3961,26.54,28.96,1011.96,0.0
3962,25.96,29.38,1009.17,0.0
3963,24.33,45.83,1009.62,3.3
3964,24.33,56.25,1012.54,0.0
3965,25.04,41.46,1014.33,0.0
3966,24.58,40.46,1014.29,0.0
3967,24.83,43.21,1013.08,0.0
3968,25.54,38.83,1013.75,0.0
3969,25.88,37.83,1015.54,0.0
3970,25.67,42.88,1016.04,0.0
3971,24.58,34.29,1015.33,0.0
3972,24.58,39.88,1015.71,0.0
3973,23.71,44.67,1016.71,0.0
3974,22.67,40.46,1015.79,0.0
3975,23.42,37.17,1014.5,0.0
3976,23.0,36.67,1014.0,0.0
3977,23.0,41.96,1015.67,0.0
3978,22.88,44.75,1016.42,0.0
3979,23.54,47.08,1016.29,0.0
3980,23.42,46.62,1015.96,0.0
3981,23.21,48.79,1015.5,0.0
3982,22.88,47.67,1015.38,0.8
3983,20.54,52.92,1015.17,2.5
3984,22.79,51.21,1014.75,0.7
3985,21.75,62.0,1015.83,6.0
3986,20.67,59.21,1016.96,0.6
3987,20.29,46.92,1016.58,0.0
3988,20.25,27.46,1017.67,0.0
3989,20.38,23.42,1017.5,0.0
3990,20.08,26.38,1018.62,0.0
3991,18.46,29.83,1020.08,0.0
3992,17.67,30.21,1019.88,0.0
3993,18.88,44.83,1018.83,0.0
3994,18.92,46.29,1018.46,0.0
3995,18.92,44.58,1017.71,0.0
3996,19.5,41.88,1015.29,0.0
3997,18.58,47.38,1013.17,0.0
3998,19.21,53.5,1011.12,0.4
3999,16.79,64.42,1012.88,0.6
4000,15.75,54.04,1019.38,0.0
4001,16.12,48.12,1019.33,0.0
4002,15.25,47.62,1020.04,0.0
4003,14.12,43.79,1021.12,0.0
4004,15.5,43.75,1019.33,0.0
4005,15.67,39.0,1017.71,0.0
4006,16.54,36.17,1015.29,0.0
4007,17.04,39.17,1016.29,0.0
4008,16.92,38.83,1018.67,0.0
4009,16.12,33.42,1017.46,0.0
4010,15.25,41.67,1018.17,0.0
4011,15.58,34.25,1018.42,0.0
4012,14.67,26.71,1018.17,0.0
4013,14.71,27.08,1018.29,0.0
4014,13.71,30.5,1018.42,0.0
4015,12.54,32.21,1019.04,0.0
4016,11.92,35.46,1017.75,0.0
4017,10.46,38.33,1018.96,0.0
4018,12.08,47.96,1020.33,0.0
